customer_id,gender,age,tenure,monthly_charges,contract_type,payment_method,churn
25795,Male,45,71,88.78,Month-to-Month,Credit Card,No
10860,Female,52,36,67.12,Month-to-Month,Net Banking,No
86820,Male,60,14,107.64,Month-to-Month,Net Banking,Yes
64886,Female,28,3,64.38,One Year,Debit Card,No
16265,Female,48,67,48.49,Two Year,Credit Card,Yes
92386,Male,66,19,109.6,Two Year,UPI,No
47194,Male,65,54,106.16,Two Year,UPI,No
97498,Female,56,69,36.4,Month-to-Month,Credit Card,Yes
54131,Female,53,10,22.6,Two Year,Net Banking,Yes
70263,Male,47,33,29.0,Month-to-Month,Debit Card,Yes
26023,Male,40,13,48.65,Two Year,UPI,No
51090,Male,36,51,117.23,Month-to-Month,Debit Card,No
77221,Female,29,32,75.85,Month-to-Month,UPI,No
74820,Female,32,24,57.33,Two Year,UPI,No
10769,Male,48,35,108.87,Two Year,Credit Card,Yes
69735,Female,60,70,65.31,One Year,UPI,No
72955,Female,54,40,51.52,One Year,Debit Card,No
74925,Male,54,54,114.12,Month-to-Month,Debit Card,No
77969,Male,32,44,104.95,One Year,Credit Card,No
15311,Female,46,62,104.37,One Year,UPI,No
93104,Female,67,68,71.23,Month-to-Month,Debit Card,Yes
63707,Male,60,33,98.94,Month-to-Month,Net Banking,No
95305,Male,43,56,37.94,Month-to-Month,Credit Card,Yes
38693,Male,61,36,77.32,One Year,Net Banking,No
81932,Male,19,54,118.38,Month-to-Month,Debit Card,Yes
35658,Male,37,19,49.1,Month-to-Month,Net Banking,No
94478,Female,32,43,99.44,Month-to-Month,Credit Card,No
28431,Female,69,12,69.05,Month-to-Month,Net Banking,No
12747,Female,21,11,23.98,One Year,Debit Card,No
69150,Female,39,70,96.3,One Year,Net Banking,No
75725,Male,67,12,36.86,Month-to-Month,Net Banking,No
94654,Male,55,41,83.15,Month-to-Month,Net Banking,Yes
45773,Male,40,25,28.57,Month-to-Month,UPI,No
77435,Female,43,3,114.69,Two Year,Debit Card,Yes
66886,Female,68,3,49.17,Month-to-Month,Net Banking,No
76803,Female,28,28,42.65,Month-to-Month,Debit Card,No
41551,Male,45,23,32.91,One Year,Net Banking,Yes
21394,Female,19,48,114.6,Month-to-Month,Credit Card,Yes
79092,Male,25,67,91.19,One Year,Credit Card,No
13890,Male,46,42,94.17,Month-to-Month,Credit Card,No
51606,Male,28,40,69.94,One Year,Net Banking,No
90038,Male,54,6,67.47,Month-to-Month,Debit Card,No
97313,Male,35,20,31.0,Month-to-Month,Credit Card,No
20627,Male,67,11,75.98,Month-to-Month,UPI,Yes
18792,Female,31,27,44.69,One Year,Credit Card,No
83969,Male,27,21,117.71,Two Year,Credit Card,Yes
53001,Male,52,13,99.66,Month-to-Month,UPI,No
86552,Female,26,35,61.3,One Year,Credit Card,No
33897,Male,52,47,35.13,One Year,Net Banking,No
78148,Female,28,28,98.53,Two Year,Net Banking,No
33483,Female,61,21,32.21,One Year,Credit Card,Yes
58555,Female,29,18,38.93,Month-to-Month,Debit Card,No
27159,Male,20,31,41.15,One Year,Debit Card,No
90077,Male,56,60,75.69,Month-to-Month,Credit Card,No
45920,Female,31,37,98.71,Month-to-Month,UPI,No
77121,Male,45,21,51.43,Month-to-Month,Net Banking,No
79479,Male,28,14,28.47,Two Year,Net Banking,No
99475,Female,56,60,66.45,Two Year,Net Banking,No
29457,Female,42,23,94.81,One Year,Credit Card,No
76557,Male,38,29,42.17,Two Year,Net Banking,No
87189,Female,27,47,41.99,One Year,Credit Card,No
88953,Female,60,30,114.72,Month-to-Month,Credit Card,Yes
62995,Female,32,38,115.42,Month-to-Month,Debit Card,Yes
50757,Male,36,27,119.05,Month-to-Month,UPI,No
19692,Male,65,15,100.77,Month-to-Month,UPI,No
55758,Male,39,59,38.82,Month-to-Month,UPI,No
82409,Female,38,3,41.2,Month-to-Month,Net Banking,Yes
81211,Male,69,10,54.02,One Year,Debit Card,No
75697,Female,61,17,51.81,Two Year,Debit Card,No
47065,Male,49,11,115.65,One Year,Credit Card,Yes
42606,Male,67,48,98.91,Two Year,Debit Card,No
21534,Female,40,5,92.4,Month-to-Month,Credit Card,Yes
50397,Male,30,69,38.6,Two Year,Debit Card,No
11016,Female,22,64,110.95,Month-to-Month,Credit Card,Yes
99789,Male,21,14,102.79,Month-to-Month,Net Banking,No
65591,Male,45,50,36.36,Two Year,Debit Card,Yes
99812,Female,31,26,107.12,Month-to-Month,UPI,No
33247,Female,25,69,47.22,Month-to-Month,Credit Card,Yes
34300,Female,26,7,28.09,Month-to-Month,Debit Card,No
84065,Male,68,16,85.68,One Year,Debit Card,Yes
92798,Male,52,55,85.38,Two Year,Credit Card,No
19268,Male,54,56,29.49,Month-to-Month,Debit Card,Yes
96807,Female,38,4,51.89,Two Year,UPI,No
22185,Female,35,48,119.28,Month-to-Month,Credit Card,No
73704,Female,50,17,87.84,Month-to-Month,Credit Card,No
96779,Male,25,36,93.01,Month-to-Month,Credit Card,Yes
49099,Male,68,70,41.29,One Year,Credit Card,No
18571,Female,66,38,27.88,Month-to-Month,Credit Card,Yes
48044,Male,34,62,47.69,Month-to-Month,UPI,No
61214,Female,60,48,44.89,Month-to-Month,Credit Card,No
71228,Male,48,10,43.45,Month-to-Month,UPI,No
58984,Male,51,36,39.28,One Year,UPI,Yes
50774,Female,23,29,77.48,Month-to-Month,UPI,No
12568,Male,39,4,52.81,Month-to-Month,Credit Card,No
72592,Male,31,44,102.03,Month-to-Month,UPI,Yes
77563,Female,20,56,38.39,Month-to-Month,Credit Card,No
12695,Female,29,42,66.46,One Year,UPI,No
58190,Male,53,13,21.37,Month-to-Month,Credit Card,No
15258,Female,29,46,68.17,Month-to-Month,Debit Card,No
97538,Male,62,33,25.58,Month-to-Month,Debit Card,No
49504,Female,19,21,117.77,Month-to-Month,UPI,No
43159,Male,19,57,99.06,Two Year,Net Banking,No
23986,Male,32,69,69.01,One Year,Net Banking,Yes
71858,Female,40,70,28.66,One Year,Debit Card,Yes
22666,Male,46,67,79.24,Month-to-Month,UPI,No
48660,Male,34,48,95.88,One Year,UPI,Yes
13561,Female,49,33,39.07,One Year,UPI,No
36854,Female,24,36,76.82,Month-to-Month,Net Banking,Yes
74505,Male,47,33,101.42,One Year,Debit Card,Yes
62251,Female,45,31,96.82,One Year,UPI,No
32662,Female,31,21,100.3,Month-to-Month,Debit Card,Yes
18392,Male,61,27,107.93,Month-to-Month,Debit Card,No
40535,Male,47,62,113.77,One Year,Credit Card,No
88603,Female,34,26,60.55,Month-to-Month,Net Banking,No
62256,Female,49,66,76.88,One Year,Debit Card,No
99135,Female,63,12,99.07,One Year,Credit Card,No
45222,Male,23,22,89.71,One Year,Net Banking,Yes
87373,Male,68,17,119.55,Month-to-Month,UPI,No
89575,Male,41,7,21.37,Month-to-Month,UPI,No
94651,Male,23,68,55.51,Month-to-Month,Credit Card,No
73335,Male,44,37,48.1,One Year,UPI,No
20965,Male,35,38,46.23,Two Year,Credit Card,Yes
34538,Male,41,11,42.25,One Year,Credit Card,No
80592,Female,54,1,90.91,Month-to-Month,UPI,Yes
18110,Female,41,25,28.48,Two Year,Net Banking,No
89309,Male,55,42,94.16,Two Year,Credit Card,Yes
37266,Male,51,52,89.34,Month-to-Month,Net Banking,No
62992,Male,57,24,45.08,Month-to-Month,Net Banking,No
92948,Female,64,53,45.28,One Year,Credit Card,Yes
16910,Male,32,56,82.89,One Year,Net Banking,No
10206,Female,28,63,96.22,Two Year,Credit Card,No
97054,Female,39,8,107.65,Month-to-Month,UPI,Yes
97897,Female,41,59,105.21,Month-to-Month,UPI,No
33419,Female,18,45,116.49,One Year,UPI,No
60636,Female,35,27,78.14,Two Year,UPI,Yes
60015,Male,61,52,110.87,Two Year,UPI,No
64268,Male,29,18,100.85,Two Year,Net Banking,No
97939,Female,60,16,109.47,Month-to-Month,Net Banking,No
28141,Male,45,66,21.16,One Year,Net Banking,No
90356,Female,57,5,116.59,Month-to-Month,Debit Card,Yes
81910,Female,24,3,67.35,Month-to-Month,Debit Card,Yes
66044,Male,40,70,99.82,Month-to-Month,Credit Card,Yes
77214,Male,38,7,32.72,One Year,Debit Card,Yes
43827,Male,51,50,59.59,Two Year,UPI,Yes
65820,Male,28,14,47.15,Month-to-Month,UPI,No
72623,Male,39,38,49.17,Month-to-Month,UPI,Yes
91734,Female,59,47,32.33,One Year,Credit Card,No
85450,Male,52,33,100.58,One Year,Credit Card,Yes
32299,Male,69,43,20.92,Two Year,Credit Card,No
53585,Male,46,29,51.25,Month-to-Month,Credit Card,No
74044,Female,59,57,37.44,Month-to-Month,Net Banking,Yes
52557,Male,45,5,78.9,Month-to-Month,Credit Card,Yes
59080,Female,35,60,45.43,Month-to-Month,Credit Card,No
12693,Male,31,70,45.9,Month-to-Month,Debit Card,No
79163,Male,35,2,68.83,Month-to-Month,Net Banking,No
35939,Female,45,70,85.27,Month-to-Month,UPI,No
58925,Male,41,43,32.13,Month-to-Month,Debit Card,No
52941,Male,25,4,37.55,Two Year,Credit Card,Yes
31834,Female,59,56,44.72,Month-to-Month,UPI,No
28047,Male,62,59,117.37,Month-to-Month,UPI,No
36105,Female,25,9,59.72,Two Year,UPI,Yes
85766,Female,21,3,79.9,One Year,Debit Card,Yes
25707,Female,44,48,44.15,One Year,Net Banking,No
31976,Female,53,43,69.05,One Year,Net Banking,No
54262,Female,22,1,27.41,One Year,UPI,No
33776,Male,50,57,23.47,Two Year,Credit Card,Yes
40080,Male,66,53,66.87,One Year,Net Banking,Yes
76842,Male,51,16,59.87,Two Year,Net Banking,No
71373,Female,47,51,33.69,Month-to-Month,Credit Card,No
16776,Female,25,55,88.76,Month-to-Month,Debit Card,Yes
65016,Female,56,1,119.29,Two Year,Debit Card,Yes
19474,Female,64,28,59.56,Month-to-Month,Credit Card,No
68053,Male,43,53,82.46,Two Year,Debit Card,No
31959,Male,54,58,116.3,Month-to-Month,UPI,No
15530,Female,51,60,103.15,Month-to-Month,Net Banking,Yes
13748,Female,24,59,66.36,Two Year,Debit Card,No
23545,Male,57,22,93.75,Month-to-Month,UPI,No
76199,Female,45,8,32.81,Two Year,UPI,No
44766,Female,56,49,71.21,Two Year,UPI,No
83530,Female,56,42,47.91,Two Year,UPI,No
71087,Male,45,27,36.12,Month-to-Month,UPI,Yes
78840,Male,31,39,62.63,One Year,Credit Card,Yes
64384,Female,67,25,33.1,Two Year,Net Banking,Yes
61005,Male,55,38,89.9,One Year,Net Banking,Yes
56576,Female,21,24,65.62,One Year,Credit Card,No
49353,Female,59,24,73.11,Two Year,Credit Card,No
72003,Male,35,60,34.64,One Year,UPI,Yes
93211,Female,61,50,33.98,Two Year,Debit Card,No
62733,Female,65,66,78.34,Month-to-Month,Net Banking,No
75318,Male,42,14,118.5,Month-to-Month,Debit Card,No
99474,Female,24,53,29.63,Month-to-Month,Net Banking,No
33664,Female,55,32,48.57,Month-to-Month,UPI,No
77172,Female,45,48,106.95,One Year,Debit Card,Yes
95616,Male,22,39,27.23,Month-to-Month,Net Banking,Yes
36736,Female,20,40,107.59,Two Year,Net Banking,Yes
10854,Male,61,42,72.43,Month-to-Month,UPI,No
48623,Female,48,8,60.83,Month-to-Month,Debit Card,No
17392,Female,64,26,50.97,Month-to-Month,UPI,No
65680,Female,59,12,49.71,Month-to-Month,Debit Card,No
56717,Female,37,43,50.58,Month-to-Month,Debit Card,No
97092,Male,36,51,108.48,Month-to-Month,Net Banking,No
60859,Male,65,63,92.38,One Year,Credit Card,No
36309,Female,28,49,86.97,Month-to-Month,Debit Card,No
97455,Female,57,27,99.87,Month-to-Month,Debit Card,No
73734,Female,20,9,45.71,One Year,UPI,Yes
80467,Female,40,39,81.8,Month-to-Month,Debit Card,No
62662,Female,24,65,66.01,Month-to-Month,Debit Card,No
22688,Female,40,71,98.24,Month-to-Month,Debit Card,Yes
35342,Female,24,71,50.93,Month-to-Month,Debit Card,No
47157,Female,63,7,84.32,One Year,Debit Card,Yes
77863,Male,51,67,108.22,Month-to-Month,Credit Card,Yes
62083,Male,59,10,60.22,Two Year,Net Banking,Yes
75733,Male,36,71,26.66,Two Year,Debit Card,No
99045,Female,26,53,71.61,Month-to-Month,UPI,No
44698,Female,65,57,54.6,Two Year,UPI,No
90623,Female,68,27,87.22,Month-to-Month,Debit Card,No
32671,Male,35,54,115.1,Month-to-Month,Debit Card,Yes
35184,Female,58,4,68.56,Month-to-Month,Debit Card,Yes
52107,Male,65,23,66.62,Month-to-Month,Credit Card,No
96202,Female,62,48,85.46,One Year,Net Banking,No
61663,Male,59,42,30.35,Month-to-Month,UPI,No
25708,Male,42,3,45.35,One Year,Credit Card,Yes
59811,Male,69,3,111.9,One Year,Credit Card,Yes
12811,Female,31,28,86.99,Month-to-Month,Debit Card,No
66250,Male,61,63,21.34,One Year,Net Banking,Yes
82082,Female,42,31,40.46,Two Year,Debit Card,No
44754,Female,36,10,88.28,Month-to-Month,UPI,Yes
21411,Female,56,49,96.44,Month-to-Month,Net Banking,No
12911,Female,32,21,103.99,Month-to-Month,Debit Card,No
77270,Female,33,53,49.22,Month-to-Month,UPI,No
93763,Male,44,54,113.1,Month-to-Month,Credit Card,No
18680,Female,57,57,75.29,Month-to-Month,UPI,No
94896,Female,27,20,89.65,One Year,UPI,Yes
93879,Female,21,49,79.67,One Year,UPI,No
81295,Female,68,7,32.27,Month-to-Month,Net Banking,No
98614,Female,36,29,116.31,Month-to-Month,Credit Card,No
21111,Male,45,48,32.29,Month-to-Month,Net Banking,No
47504,Male,38,13,45.49,Month-to-Month,Credit Card,No
11802,Female,64,3,101.36,Month-to-Month,Debit Card,Yes
18155,Male,31,2,81.86,Two Year,Debit Card,Yes
83656,Male,50,16,103.81,Month-to-Month,UPI,No
49384,Female,65,6,71.57,Month-to-Month,UPI,Yes
57254,Male,27,45,57.7,Month-to-Month,Net Banking,No
31918,Female,36,71,112.18,One Year,Credit Card,No
95981,Male,47,5,23.63,One Year,Credit Card,No
70713,Male,39,56,105.61,Month-to-Month,Credit Card,No
40306,Male,20,71,43.08,Month-to-Month,UPI,No
26646,Female,54,32,104.87,Month-to-Month,UPI,No
56843,Male,58,49,33.92,Month-to-Month,Credit Card,Yes
26371,Male,35,13,78.02,Two Year,UPI,No
87371,Female,28,30,108.81,One Year,Credit Card,Yes
12049,Female,65,25,67.35,One Year,Net Banking,No
41616,Male,19,60,94.66,Month-to-Month,Debit Card,Yes
30932,Female,29,59,100.47,Month-to-Month,Credit Card,Yes
39855,Male,23,28,93.65,One Year,UPI,No
71434,Male,60,58,112.53,Month-to-Month,Net Banking,No
82694,Female,57,20,64.68,Two Year,UPI,No
53016,Female,61,34,37.31,Month-to-Month,UPI,Yes
17400,Female,46,5,24.78,Month-to-Month,UPI,Yes
52642,Male,47,60,44.65,One Year,Credit Card,Yes
25151,Female,19,43,34.32,Month-to-Month,Net Banking,No
61407,Male,26,57,75.79,Month-to-Month,Credit Card,No
76690,Female,64,57,38.49,Month-to-Month,Debit Card,No
14499,Male,19,54,23.89,One Year,Credit Card,No
16295,Female,46,45,23.6,Month-to-Month,Debit Card,No
69040,Male,50,37,103.16,Month-to-Month,Net Banking,Yes
22183,Female,27,48,79.14,One Year,Net Banking,No
39299,Male,51,54,55.81,Month-to-Month,Credit Card,No
22874,Female,61,48,109.42,Two Year,Credit Card,Yes
42711,Female,25,6,27.02,Month-to-Month,UPI,Yes
15539,Male,54,34,118.03,One Year,Debit Card,Yes
63351,Female,50,63,81.63,Month-to-Month,UPI,No
71267,Male,64,48,38.35,One Year,UPI,No
58354,Male,23,23,87.91,One Year,Net Banking,No
12557,Female,61,13,96.34,Two Year,Credit Card,No
48360,Male,57,47,62.93,Month-to-Month,Net Banking,No
92018,Female,62,44,106.16,Month-to-Month,Credit Card,No
12200,Female,36,32,35.07,One Year,Net Banking,No
78497,Male,49,26,47.88,Month-to-Month,Net Banking,Yes
56975,Female,44,53,29.35,Month-to-Month,Net Banking,No
31357,Male,18,14,41.09,Two Year,Debit Card,No
87505,Male,60,52,43.87,Month-to-Month,Net Banking,No
12869,Female,69,36,111.76,Two Year,Debit Card,No
71135,Female,50,8,27.81,Month-to-Month,Net Banking,No
60108,Male,57,40,62.74,One Year,Credit Card,Yes
48467,Male,49,22,73.24,Month-to-Month,Debit Card,Yes
33328,Female,22,16,109.87,Month-to-Month,Credit Card,No
96831,Female,34,60,119.77,Two Year,Credit Card,No
13987,Female,25,60,95.34,Month-to-Month,Credit Card,Yes
68871,Female,59,10,117.08,Two Year,Debit Card,Yes
32399,Male,51,25,98.71,One Year,UPI,Yes
56214,Female,26,31,116.32,Month-to-Month,Debit Card,No
96416,Male,40,21,90.73,Two Year,UPI,No
80271,Male,52,33,27.98,Month-to-Month,Debit Card,Yes
54064,Female,67,31,60.19,One Year,Net Banking,No
80091,Male,24,21,84.66,Month-to-Month,UPI,Yes
50818,Female,32,36,55.07,Two Year,Net Banking,No
55525,Male,37,65,47.34,One Year,UPI,No
29830,Female,67,4,77.74,Month-to-Month,Debit Card,Yes
27429,Male,42,68,113.35,One Year,Debit Card,No
16893,Male,20,4,23.5,Month-to-Month,UPI,No
89909,Female,63,9,96.92,Month-to-Month,Net Banking,Yes
57333,Female,41,30,92.27,Month-to-Month,Credit Card,Yes
13436,Male,51,45,116.4,Month-to-Month,UPI,Yes
84290,Male,63,4,113.07,Month-to-Month,UPI,Yes
86213,Female,39,69,96.22,Month-to-Month,Net Banking,Yes
15895,Male,28,23,72.04,Month-to-Month,Credit Card,No
29738,Female,65,16,40.43,Month-to-Month,UPI,No
40746,Male,25,22,74.52,Month-to-Month,Credit Card,No
59377,Female,56,48,96.54,One Year,Credit Card,No
58404,Male,60,62,109.57,One Year,Debit Card,No
64045,Female,52,60,98.97,Month-to-Month,Net Banking,No
49790,Female,66,5,39.53,Two Year,UPI,Yes
15600,Male,63,7,79.97,One Year,UPI,Yes
50764,Female,55,51,53.22,One Year,Credit Card,No
84543,Male,25,65,20.92,Month-to-Month,UPI,No
55714,Female,54,9,40.02,Month-to-Month,Credit Card,No
66835,Female,44,45,31.32,Two Year,UPI,No
83744,Female,45,47,104.27,One Year,Net Banking,No
66491,Male,57,67,45.85,Month-to-Month,UPI,Yes
28589,Female,51,24,48.47,Month-to-Month,Credit Card,Yes
53484,Male,49,10,115.99,One Year,Credit Card,Yes
92989,Female,32,48,57.91,One Year,UPI,Yes
46212,Male,61,35,20.96,Two Year,UPI,No
53525,Male,34,54,48.38,Month-to-Month,Credit Card,No
57202,Male,50,71,31.93,Month-to-Month,Debit Card,No
42635,Female,64,16,30.28,Month-to-Month,Debit Card,No
73208,Male,63,53,27.75,Month-to-Month,UPI,No
43828,Female,69,40,79.33,Month-to-Month,Net Banking,No
28711,Male,33,20,38.93,Two Year,UPI,Yes
13420,Male,46,69,56.12,Month-to-Month,Net Banking,No
10301,Male,26,45,106.2,One Year,UPI,No
55236,Male,50,6,62.43,Month-to-Month,Credit Card,No
76235,Female,66,69,111.57,Month-to-Month,UPI,No
64240,Male,46,49,69.79,Month-to-Month,Net Banking,Yes
75726,Male,30,39,59.88,Month-to-Month,Net Banking,No
20492,Female,38,2,95.04,One Year,UPI,Yes
16102,Male,38,39,27.32,Month-to-Month,UPI,No
60336,Male,22,21,28.95,Month-to-Month,Debit Card,No
95314,Male,27,40,85.2,Month-to-Month,UPI,No
36641,Male,23,54,68.69,Month-to-Month,UPI,No
44584,Female,68,12,99.04,One Year,Credit Card,No
42745,Female,30,37,111.63,Month-to-Month,Net Banking,Yes
33093,Male,18,38,58.84,One Year,Debit Card,No
76105,Female,37,15,79.64,One Year,Credit Card,Yes
61885,Female,64,7,70.07,Month-to-Month,UPI,Yes
46631,Male,63,50,118.16,Month-to-Month,Net Banking,No
82991,Female,25,65,103.11,One Year,UPI,Yes
14014,Male,27,67,111.17,One Year,UPI,No
21093,Female,26,44,45.43,Month-to-Month,UPI,Yes
28070,Female,66,31,97.25,Month-to-Month,UPI,No
45777,Female,58,43,46.55,Month-to-Month,Net Banking,Yes
66958,Male,20,48,40.87,Month-to-Month,Credit Card,No
92074,Female,28,61,114.43,Month-to-Month,UPI,No
20729,Male,29,10,21.93,Month-to-Month,UPI,No
55017,Male,27,29,116.54,Month-to-Month,Debit Card,No
76320,Female,42,48,34.93,Month-to-Month,Debit Card,Yes
37751,Male,66,62,101.94,Month-to-Month,Net Banking,Yes
88069,Female,66,13,47.59,Two Year,UPI,No
64748,Male,42,44,55.07,Month-to-Month,UPI,No
15801,Male,28,47,41.68,Two Year,UPI,Yes
29190,Female,53,64,78.55,Month-to-Month,Net Banking,Yes
59689,Female,56,53,54.81,One Year,Net Banking,No
60993,Female,43,44,85.74,Month-to-Month,UPI,No
39592,Female,31,28,21.56,One Year,UPI,No
20647,Male,56,2,26.44,Month-to-Month,Net Banking,Yes
18716,Male,57,57,29.97,Month-to-Month,UPI,No
98891,Male,18,57,61.9,Two Year,Credit Card,Yes
97545,Female,21,34,101.48,Month-to-Month,Credit Card,No
99912,Male,47,58,108.82,Two Year,Net Banking,No
80316,Female,29,52,44.48,Month-to-Month,Credit Card,No
12368,Male,52,29,77.44,Month-to-Month,Debit Card,No
87575,Female,30,35,96.84,Month-to-Month,UPI,Yes
16655,Male,69,48,48.88,One Year,Debit Card,No
80031,Male,48,33,60.9,Month-to-Month,Debit Card,No
86429,Female,55,9,72.4,Two Year,Debit Card,Yes
97922,Male,60,48,33.49,Month-to-Month,Credit Card,No
65766,Female,40,67,22.6,One Year,UPI,No
23403,Male,21,36,35.28,Month-to-Month,UPI,No
42097,Male,69,71,82.69,Month-to-Month,Net Banking,No
88657,Female,33,44,27.36,Month-to-Month,Debit Card,No
20966,Female,24,60,38.97,Month-to-Month,Credit Card,No
62921,Male,39,63,53.79,Month-to-Month,Debit Card,No
59726,Male,46,5,27.79,Month-to-Month,Debit Card,No
60300,Male,28,40,39.17,Month-to-Month,UPI,No
32677,Male,50,19,111.13,Month-to-Month,Net Banking,No
65609,Male,46,47,21.93,Month-to-Month,Credit Card,Yes
66661,Male,56,65,85.34,Month-to-Month,UPI,No
41024,Female,29,67,58.44,Month-to-Month,Debit Card,No
80313,Female,24,18,87.26,Two Year,UPI,Yes
63006,Female,56,50,78.87,Two Year,Debit Card,Yes
25338,Male,59,30,42.35,Month-to-Month,Credit Card,No
78027,Male,65,66,104.72,Two Year,UPI,No
90135,Male,43,5,69.19,One Year,UPI,No
29508,Female,57,42,102.25,Month-to-Month,UPI,No
13051,Female,26,5,60.6,Month-to-Month,UPI,Yes
58747,Male,58,50,118.47,Two Year,UPI,No
97142,Male,51,58,97.05,One Year,Credit Card,Yes
97235,Female,62,8,116.6,One Year,Net Banking,Yes
64021,Female,30,31,71.43,Two Year,Credit Card,No
76412,Female,53,12,67.37,Month-to-Month,UPI,No
68335,Male,42,21,95.55,Month-to-Month,Debit Card,No
66179,Male,41,62,108.03,Month-to-Month,Debit Card,No
42093,Male,61,33,116.41,Month-to-Month,UPI,No
79678,Female,34,26,52.46,Month-to-Month,Net Banking,No
90738,Female,19,40,99.87,Month-to-Month,UPI,No
49734,Male,30,65,41.06,Month-to-Month,Credit Card,No
82615,Male,48,59,74.56,Month-to-Month,Net Banking,Yes
83523,Female,46,15,37.98,Month-to-Month,Net Banking,No
27019,Male,67,1,54.74,Month-to-Month,Credit Card,No
93613,Female,45,11,113.14,Month-to-Month,Net Banking,Yes
96672,Female,44,55,34.61,Month-to-Month,UPI,No
83847,Male,32,2,83.24,One Year,UPI,Yes
92750,Female,48,65,79.3,Two Year,Debit Card,No
89634,Male,57,44,32.07,Month-to-Month,Credit Card,No
38251,Female,32,16,52.6,Month-to-Month,Net Banking,No
35945,Female,50,22,76.3,Two Year,Net Banking,No
42217,Male,37,18,38.72,Month-to-Month,Net Banking,No
18308,Female,59,47,100.06,One Year,UPI,Yes
15949,Male,29,30,117.22,Month-to-Month,Credit Card,Yes
61990,Male,54,10,41.48,One Year,UPI,Yes
11150,Female,26,58,38.69,Two Year,Net Banking,No
99480,Male,40,62,65.49,One Year,UPI,Yes
84740,Male,25,6,94.78,Month-to-Month,Net Banking,Yes
76617,Male,49,67,48.16,Two Year,Net Banking,No
26896,Male,65,41,21.99,One Year,UPI,No
56175,Male,31,43,74.12,One Year,Net Banking,Yes
17805,Male,44,18,115.66,Month-to-Month,UPI,No
15237,Female,42,58,59.13,One Year,Debit Card,Yes
30056,Male,30,60,62.01,Month-to-Month,UPI,No
55543,Female,38,27,116.89,Month-to-Month,Debit Card,No
66556,Female,62,68,89.46,Month-to-Month,Debit Card,Yes
13343,Male,48,22,91.92,Month-to-Month,UPI,Yes
23500,Female,54,24,76.27,One Year,Credit Card,No
63222,Female,65,40,117.46,One Year,Credit Card,No
39375,Male,60,66,88.89,Month-to-Month,UPI,No
19662,Male,22,40,109.5,One Year,UPI,No
26964,Male,30,6,89.94,Two Year,Net Banking,Yes
69638,Female,45,18,93.51,Month-to-Month,Net Banking,No
83666,Female,60,30,49.04,Month-to-Month,UPI,No
95067,Male,42,21,50.35,Month-to-Month,Credit Card,No
77215,Male,68,62,98.3,Month-to-Month,Net Banking,No
79042,Female,52,10,49.67,Month-to-Month,Net Banking,Yes
23284,Female,64,13,76.28,Month-to-Month,Credit Card,No
82789,Female,56,9,44.94,Month-to-Month,UPI,Yes
94664,Female,24,68,101.7,Two Year,Credit Card,Yes
71389,Male,55,39,31.05,One Year,Debit Card,No
19435,Female,49,24,102.94,Month-to-Month,Net Banking,No
64340,Female,20,34,80.27,Month-to-Month,Net Banking,Yes
54078,Female,62,61,38.69,Month-to-Month,Net Banking,No
88832,Female,56,41,74.2,Month-to-Month,Credit Card,No
61293,Male,54,5,48.25,Month-to-Month,Credit Card,Yes
88781,Male,67,50,52.35,Month-to-Month,UPI,No
70403,Female,39,4,55.15,Month-to-Month,Net Banking,No
39124,Female,25,51,26.33,Month-to-Month,Debit Card,Yes
53919,Male,34,52,118.6,Month-to-Month,UPI,No
45247,Male,69,39,23.15,One Year,Credit Card,No
72752,Female,44,8,86.25,Month-to-Month,Debit Card,Yes
66573,Female,50,45,57.12,Month-to-Month,UPI,Yes
69101,Male,63,28,84.6,Month-to-Month,Credit Card,No
36646,Male,34,27,55.62,Two Year,Debit Card,Yes
33049,Male,59,65,87.38,One Year,UPI,No
89605,Male,29,34,92.92,Month-to-Month,Debit Card,Yes
78385,Male,65,62,89.06,Two Year,Credit Card,No
50158,Male,63,62,31.4,Month-to-Month,UPI,No
75417,Female,44,38,85.69,Two Year,Credit Card,Yes
33289,Male,65,26,48.0,Month-to-Month,Net Banking,Yes
19823,Male,25,24,22.88,Month-to-Month,Net Banking,Yes
70160,Male,40,39,61.48,One Year,Debit Card,Yes
51975,Male,59,21,63.35,Month-to-Month,Net Banking,No
19540,Female,66,47,66.72,One Year,Credit Card,No
26364,Female,46,48,90.48,Month-to-Month,Debit Card,No
14611,Male,67,13,50.88,One Year,UPI,No
37663,Female,37,3,51.53,Month-to-Month,Credit Card,No
61991,Female,33,32,26.06,Month-to-Month,UPI,Yes
67679,Female,34,35,88.68,Two Year,UPI,No
40977,Female,33,19,76.78,Two Year,UPI,No
59115,Female,36,14,54.94,Two Year,UPI,No
98223,Female,25,48,90.52,One Year,Credit Card,No
70890,Male,55,68,73.74,One Year,Net Banking,No
76387,Male,55,45,66.92,Month-to-Month,Credit Card,No
28071,Male,46,19,71.13,Month-to-Month,Net Banking,Yes
69275,Male,58,64,83.63,Month-to-Month,UPI,Yes
82369,Male,53,66,86.0,Month-to-Month,Net Banking,No
21938,Female,43,66,48.9,Two Year,UPI,No
45195,Male,48,45,34.07,Month-to-Month,Debit Card,Yes
14000,Male,61,67,35.66,Two Year,UPI,No
80588,Female,29,69,83.94,Month-to-Month,Net Banking,No
48304,Female,34,3,107.29,One Year,Debit Card,Yes
79449,Male,32,38,60.95,Month-to-Month,Debit Card,Yes
92986,Female,26,42,36.95,Month-to-Month,UPI,No
99643,Female,56,40,95.66,Two Year,Credit Card,No
30764,Female,59,50,103.25,Month-to-Month,Net Banking,Yes
96027,Female,65,35,108.06,Month-to-Month,Debit Card,No
48494,Male,29,24,80.68,Month-to-Month,Credit Card,No
13373,Female,49,17,106.07,Month-to-Month,UPI,No
22161,Male,42,40,21.54,Month-to-Month,UPI,Yes
37350,Male,56,66,30.72,One Year,UPI,No
35351,Female,35,44,29.26,Month-to-Month,UPI,Yes
98668,Female,32,23,91.26,Month-to-Month,Net Banking,No
25305,Female,49,6,26.96,Month-to-Month,Debit Card,No
85353,Male,23,66,69.64,One Year,Net Banking,No
86797,Female,61,21,67.27,One Year,Debit Card,No
75953,Female,60,35,51.07,Month-to-Month,Credit Card,No
67458,Female,69,29,107.04,Month-to-Month,Credit Card,No
30358,Female,52,7,37.04,Month-to-Month,Debit Card,No
13267,Female,51,53,55.25,One Year,UPI,Yes
92745,Male,55,37,97.42,One Year,Credit Card,Yes
99588,Female,22,23,23.04,Two Year,Net Banking,Yes
48513,Female,35,8,87.3,Month-to-Month,Debit Card,Yes
36092,Female,33,48,101.64,Month-to-Month,Credit Card,No
21338,Male,25,10,113.23,Month-to-Month,Debit Card,Yes
10412,Female,42,24,107.63,Month-to-Month,UPI,Yes
17543,Male,49,47,51.94,Month-to-Month,Debit Card,No
43496,Male,43,53,78.64,Month-to-Month,Credit Card,Yes
70692,Female,69,39,27.73,One Year,Debit Card,No
99084,Female,39,67,45.79,Month-to-Month,Credit Card,No
54425,Female,48,66,29.42,One Year,Credit Card,Yes
48756,Male,60,6,51.52,Month-to-Month,Credit Card,No
28888,Male,27,21,107.52,Two Year,Net Banking,Yes
45735,Male,29,36,54.72,Two Year,UPI,No
57295,Male,45,3,76.19,Two Year,UPI,Yes
93042,Male,23,42,63.34,One Year,Debit Card,No
95999,Male,37,45,65.89,One Year,Debit Card,No
27955,Female,22,44,116.96,Month-to-Month,Credit Card,No
47841,Female,40,33,49.62,Month-to-Month,UPI,No
80640,Male,26,60,82.73,One Year,Debit Card,No
75510,Female,46,70,62.01,One Year,Debit Card,No
44911,Female,33,26,26.11,Two Year,UPI,Yes
69031,Male,63,21,68.93,Month-to-Month,Credit Card,No
98726,Male,39,2,101.33,Month-to-Month,Debit Card,Yes
17357,Female,25,47,29.88,One Year,Credit Card,Yes
42479,Male,37,30,26.96,Two Year,UPI,Yes
71476,Male,68,27,35.36,Month-to-Month,UPI,Yes
54811,Female,31,71,96.44,Month-to-Month,Debit Card,Yes
46208,Male,56,20,92.4,Month-to-Month,Debit Card,Yes
30150,Female,54,50,76.5,Month-to-Month,UPI,No
81180,Female,67,23,66.82,Month-to-Month,Credit Card,Yes
53286,Female,51,13,108.83,Month-to-Month,Credit Card,Yes
78450,Female,28,4,96.67,Two Year,Net Banking,Yes
31352,Female,57,14,101.19,Month-to-Month,UPI,Yes
65069,Male,50,20,101.33,Month-to-Month,Debit Card,Yes
24397,Male,48,13,84.27,One Year,UPI,No
51555,Male,61,3,65.8,Two Year,Debit Card,No
56959,Male,51,47,106.47,Two Year,Credit Card,No
10728,Female,67,3,112.6,Month-to-Month,Debit Card,Yes
60517,Female,24,1,22.38,Two Year,Net Banking,No
76234,Male,66,24,25.16,Month-to-Month,Credit Card,No
49954,Female,40,35,115.87,One Year,Net Banking,No
57280,Male,63,14,47.72,One Year,UPI,No
89459,Male,24,67,107.34,Month-to-Month,Debit Card,No
26779,Male,42,13,58.88,Month-to-Month,Credit Card,Yes
73932,Female,20,47,31.91,Month-to-Month,Debit Card,No
82936,Female,55,50,28.04,Two Year,Net Banking,Yes
34466,Female,37,26,35.65,Month-to-Month,Credit Card,No
46939,Female,51,3,44.99,One Year,Net Banking,No
79896,Male,66,51,68.85,Month-to-Month,Credit Card,No
45270,Female,61,40,90.15,Month-to-Month,UPI,No
69163,Female,61,68,118.64,Two Year,UPI,No
92637,Female,47,36,64.15,One Year,Debit Card,Yes
61934,Male,34,51,71.82,Two Year,Net Banking,Yes
74895,Male,27,1,72.18,Month-to-Month,Net Banking,Yes
42307,Female,52,33,73.94,Month-to-Month,Credit Card,No
64098,Female,37,7,71.77,Month-to-Month,UPI,Yes
70921,Female,35,52,20.88,Month-to-Month,Debit Card,No
15486,Female,62,11,20.17,Month-to-Month,UPI,No
18335,Male,61,27,29.77,One Year,Net Banking,No
96900,Female,44,14,30.16,Month-to-Month,Debit Card,No
99112,Female,66,46,90.49,Month-to-Month,UPI,No
21130,Female,53,10,40.49,Month-to-Month,UPI,No
97508,Male,40,24,109.47,Month-to-Month,Credit Card,No
70566,Male,49,61,112.86,One Year,Credit Card,No
76703,Female,27,18,117.59,Month-to-Month,Net Banking,No
37192,Female,28,9,113.91,Month-to-Month,UPI,Yes
11062,Female,55,17,47.19,Month-to-Month,Credit Card,No
94076,Female,23,58,70.98,Two Year,UPI,No
99780,Female,58,13,37.55,Two Year,Debit Card,No
31545,Male,64,50,100.62,One Year,UPI,No
31689,Male,51,6,108.84,Month-to-Month,UPI,Yes
21174,Male,53,51,105.13,Month-to-Month,Net Banking,No
98461,Female,54,36,63.34,One Year,Debit Card,No
19348,Male,34,71,95.87,Two Year,Debit Card,No
33714,Male,57,25,29.76,Two Year,Credit Card,No
48102,Male,57,11,24.02,Two Year,Debit Card,No
84460,Female,29,44,95.32,Month-to-Month,Net Banking,No
99930,Female,38,14,62.54,Two Year,Credit Card,Yes
16801,Male,57,29,119.55,One Year,UPI,Yes
82267,Female,36,50,29.73,One Year,Debit Card,No
58136,Male,20,5,105.56,Month-to-Month,UPI,Yes
33625,Male,35,69,68.0,Month-to-Month,Credit Card,No
92873,Male,68,57,102.72,Month-to-Month,Debit Card,Yes
82592,Male,36,26,101.71,Month-to-Month,Credit Card,No
87052,Female,64,6,111.6,Month-to-Month,Credit Card,Yes
54261,Female,23,16,49.79,Two Year,Debit Card,No
11542,Female,33,60,114.98,Month-to-Month,Debit Card,No
31677,Female,25,12,35.17,Month-to-Month,Credit Card,No
56732,Male,65,3,28.2,Month-to-Month,Net Banking,No
60343,Female,35,63,63.16,Month-to-Month,Debit Card,No
49081,Male,69,64,102.83,Two Year,Credit Card,No
72856,Female,65,62,67.34,Month-to-Month,UPI,No
98858,Female,60,6,102.93,Month-to-Month,UPI,Yes
29065,Female,56,19,92.97,Two Year,Debit Card,No
93460,Male,66,18,40.94,Two Year,Debit Card,Yes
98092,Male,66,43,114.89,Month-to-Month,UPI,Yes
64693,Male,29,3,26.08,One Year,Credit Card,No
36962,Male,62,38,109.83,One Year,Credit Card,No
38295,Female,27,68,50.44,One Year,Credit Card,No
23807,Male,24,44,70.01,Month-to-Month,Net Banking,No
52348,Male,63,63,62.24,Two Year,Debit Card,No
36432,Female,18,42,37.18,Month-to-Month,Net Banking,No
93285,Female,66,64,55.81,Month-to-Month,Net Banking,No
67854,Male,53,54,39.29,Month-to-Month,Net Banking,Yes
50262,Female,38,71,40.39,Month-to-Month,Net Banking,No
47080,Male,54,37,38.71,Two Year,Credit Card,No
11324,Female,69,4,68.9,Month-to-Month,Debit Card,No
45909,Male,41,2,99.79,Month-to-Month,Debit Card,Yes
99339,Male,42,44,76.9,Month-to-Month,Net Banking,No
29870,Male,24,67,109.32,Month-to-Month,Debit Card,No
44578,Male,59,68,83.65,Two Year,UPI,No
82124,Male,34,62,88.93,Month-to-Month,Credit Card,No
36790,Female,46,1,86.76,One Year,Debit Card,Yes
35289,Male,47,17,64.95,One Year,Credit Card,No
65129,Male,24,16,88.93,One Year,UPI,Yes
25485,Male,50,9,26.97,One Year,Credit Card,No
54482,Male,24,53,105.99,Month-to-Month,UPI,No
96188,Male,41,59,97.78,Two Year,Net Banking,Yes
14748,Female,28,9,44.52,One Year,Debit Card,No
96769,Female,26,12,96.8,One Year,Net Banking,No
19435,Male,29,41,21.26,Two Year,Debit Card,No
13709,Female,52,15,41.72,One Year,Net Banking,Yes
40355,Male,21,66,26.51,One Year,UPI,No
65771,Female,53,11,98.02,Two Year,Debit Card,Yes
67799,Female,45,8,95.59,Month-to-Month,Net Banking,Yes
23116,Male,30,55,101.36,Month-to-Month,Credit Card,No
35470,Female,40,6,20.45,Month-to-Month,Credit Card,Yes
52344,Female,36,53,70.12,Month-to-Month,Net Banking,No
52918,Male,59,20,90.48,One Year,UPI,Yes
62224,Male,54,39,35.54,One Year,Net Banking,No
49298,Female,56,34,84.98,One Year,Credit Card,No
90219,Female,41,57,28.41,Two Year,Debit Card,No
71629,Female,33,19,38.13,Month-to-Month,Debit Card,No
76040,Male,50,71,67.58,One Year,Net Banking,No
38016,Female,29,31,85.36,Month-to-Month,Debit Card,No
33960,Female,51,40,34.59,Month-to-Month,Credit Card,Yes
43591,Female,24,14,38.52,Month-to-Month,Debit Card,No
92848,Male,28,37,40.44,Two Year,Net Banking,Yes
77641,Male,48,44,43.87,Month-to-Month,Net Banking,No
46395,Male,46,9,42.66,One Year,Net Banking,No
32700,Male,30,58,59.51,Month-to-Month,Credit Card,Yes
44620,Female,48,20,85.38,Month-to-Month,UPI,No
30559,Male,19,50,63.8,Month-to-Month,Debit Card,Yes
71642,Female,56,20,97.6,Month-to-Month,Net Banking,No
86539,Female,32,36,91.93,Two Year,UPI,Yes
31732,Female,28,27,32.65,Month-to-Month,Net Banking,No
40354,Female,51,32,24.88,Two Year,Net Banking,Yes
23843,Male,56,1,107.79,Two Year,Credit Card,Yes
81726,Male,21,17,27.98,Two Year,Credit Card,No
27640,Male,28,9,34.83,Month-to-Month,UPI,Yes
62528,Male,46,45,22.21,Two Year,Net Banking,No
48413,Male,19,66,82.83,Month-to-Month,Debit Card,No
62638,Female,33,32,78.24,Month-to-Month,Debit Card,Yes
62736,Male,56,45,118.69,Month-to-Month,Debit Card,No
78866,Male,30,9,108.69,Two Year,UPI,Yes
29087,Male,54,30,61.08,Month-to-Month,Credit Card,Yes
51430,Male,34,38,57.16,Month-to-Month,UPI,Yes
34504,Female,38,60,49.69,Month-to-Month,Credit Card,No
17114,Female,61,1,35.24,Month-to-Month,Debit Card,Yes
88859,Female,36,5,33.81,Month-to-Month,Debit Card,No
20975,Female,24,63,33.23,Two Year,Credit Card,No
21023,Female,55,36,31.41,Month-to-Month,Debit Card,No
31447,Male,25,65,44.05,Two Year,UPI,No
33959,Female,30,24,50.67,One Year,Credit Card,No
76203,Female,54,4,116.16,Two Year,Debit Card,Yes
39703,Female,19,68,77.85,Month-to-Month,Net Banking,Yes
19337,Male,58,25,118.76,One Year,Debit Card,No
56427,Male,28,7,57.25,Month-to-Month,Net Banking,No
71529,Female,41,13,65.76,Month-to-Month,Debit Card,No
94665,Male,23,68,52.46,One Year,Net Banking,Yes
41921,Male,43,43,38.29,One Year,Debit Card,Yes
43307,Female,24,57,34.32,One Year,Net Banking,No
37355,Male,56,36,114.51,One Year,Credit Card,Yes
14835,Male,36,14,118.68,Month-to-Month,Credit Card,No
30159,Male,23,27,24.49,One Year,Net Banking,Yes
57605,Female,60,37,35.03,Month-to-Month,Debit Card,No
48088,Female,46,71,62.35,Month-to-Month,UPI,No
88752,Female,60,25,38.63,One Year,UPI,Yes
65284,Male,56,67,56.39,Two Year,UPI,Yes
67043,Female,19,4,32.91,Month-to-Month,UPI,No
45547,Male,36,16,65.65,Month-to-Month,Net Banking,Yes
92844,Male,21,19,47.17,Month-to-Month,Credit Card,No
37532,Male,23,29,55.19,Month-to-Month,Credit Card,No
44349,Female,66,51,29.43,One Year,UPI,Yes
55445,Female,54,18,62.81,One Year,Credit Card,No
15713,Female,45,58,118.33,One Year,Net Banking,No
66178,Female,47,44,52.88,Two Year,UPI,No
59407,Male,24,16,107.64,Month-to-Month,Net Banking,No
80340,Female,26,65,104.32,Month-to-Month,Net Banking,No
60990,Male,42,2,115.21,Month-to-Month,Debit Card,Yes
85672,Female,50,56,99.01,Two Year,Net Banking,No
75545,Female,18,28,85.96,One Year,Debit Card,Yes
94791,Female,68,65,105.66,One Year,UPI,Yes
68141,Male,23,5,27.56,Month-to-Month,Net Banking,No
33793,Male,35,22,66.28,Month-to-Month,Credit Card,No
66570,Male,27,13,118.93,Two Year,UPI,No
47892,Male,45,65,96.96,Month-to-Month,Net Banking,Yes
11015,Male,28,16,116.21,One Year,Net Banking,No
71813,Female,50,64,97.96,Month-to-Month,Credit Card,No
37712,Male,18,32,107.49,Month-to-Month,Debit Card,No
18415,Male,30,51,90.65,One Year,Net Banking,Yes
72292,Male,54,58,96.05,Month-to-Month,Net Banking,No
33833,Male,37,46,72.32,One Year,Credit Card,No
14158,Female,18,52,112.42,One Year,UPI,Yes
72680,Male,69,63,102.5,Month-to-Month,Net Banking,No
30309,Female,20,60,104.39,One Year,Debit Card,No
16970,Female,35,65,87.3,Month-to-Month,Debit Card,No
82474,Female,58,55,50.46,Month-to-Month,Credit Card,No
96704,Male,31,57,23.56,One Year,Debit Card,No
56540,Female,48,71,113.57,Month-to-Month,Net Banking,Yes
30384,Male,44,26,78.61,Month-to-Month,Debit Card,Yes
28017,Male,34,12,49.81,Two Year,Net Banking,No
85880,Male,63,71,34.91,Month-to-Month,Credit Card,Yes
18702,Male,46,46,102.95,Two Year,Debit Card,No
10384,Male,53,47,103.65,Two Year,Net Banking,No
10404,Female,54,38,101.45,Month-to-Month,UPI,Yes
50943,Female,43,21,84.51,Month-to-Month,Net Banking,No
57926,Male,34,14,56.6,Month-to-Month,Net Banking,No
39189,Female,39,2,50.41,Month-to-Month,Credit Card,Yes
22763,Male,42,70,20.86,Two Year,Net Banking,No
28384,Female,19,33,103.36,One Year,Credit Card,No
70100,Female,39,6,28.74,Month-to-Month,Net Banking,No
19860,Female,22,37,83.08,One Year,Net Banking,No
90642,Female,21,14,70.41,Two Year,Net Banking,Yes
60612,Female,53,37,72.67,Month-to-Month,Credit Card,Yes
33574,Male,23,8,112.67,One Year,Net Banking,Yes
33524,Male,69,13,23.16,One Year,Credit Card,No
79172,Female,38,40,97.34,Month-to-Month,UPI,No
20916,Male,30,58,25.21,Month-to-Month,Credit Card,Yes
14809,Female,54,18,23.82,One Year,UPI,No
42201,Male,42,57,62.98,Month-to-Month,Credit Card,Yes
63330,Female,43,38,26.31,Month-to-Month,Credit Card,Yes
23456,Female,56,32,98.91,One Year,Net Banking,No
66397,Female,37,66,72.96,One Year,Debit Card,No
48765,Male,50,25,22.9,Month-to-Month,Debit Card,No
44816,Male,31,58,24.05,Month-to-Month,Net Banking,No
55106,Female,53,33,81.27,Month-to-Month,UPI,No
63932,Female,34,66,100.61,Month-to-Month,Net Banking,No
27100,Male,38,30,63.78,Month-to-Month,Debit Card,No
67091,Male,63,34,75.46,Month-to-Month,Credit Card,No
31949,Male,33,69,99.98,Month-to-Month,Net Banking,No
80080,Male,63,48,81.05,Month-to-Month,UPI,No
47744,Male,33,40,42.48,Month-to-Month,Net Banking,No
55543,Female,37,51,81.31,Month-to-Month,Debit Card,No
46187,Male,46,13,82.83,Month-to-Month,Credit Card,No
17239,Female,45,31,93.41,Month-to-Month,Debit Card,No
24489,Female,25,39,82.09,Two Year,Debit Card,Yes
68017,Male,41,63,116.92,Month-to-Month,Debit Card,No
71877,Male,20,48,39.73,One Year,Debit Card,No
53125,Female,42,48,115.11,Two Year,Credit Card,No
59922,Male,36,61,73.83,Month-to-Month,Debit Card,Yes
42049,Female,50,12,87.2,Two Year,UPI,Yes
47131,Male,19,56,29.95,Month-to-Month,UPI,Yes
52944,Male,32,18,58.06,Month-to-Month,Debit Card,No
83963,Male,39,27,96.94,Month-to-Month,UPI,Yes
34285,Female,27,28,90.69,Month-to-Month,Debit Card,No
47626,Male,35,52,24.01,Month-to-Month,Credit Card,Yes
52808,Female,39,16,74.66,Month-to-Month,Credit Card,Yes
98464,Male,63,58,28.83,One Year,UPI,No
63871,Female,66,9,119.59,Two Year,UPI,Yes
29198,Male,44,26,109.73,Month-to-Month,Debit Card,Yes
29758,Female,30,28,22.11,Month-to-Month,Net Banking,No
25254,Female,50,36,105.86,Month-to-Month,Debit Card,Yes
54238,Female,22,9,111.94,Month-to-Month,Debit Card,Yes
11252,Female,43,47,55.35,One Year,Credit Card,No
49764,Female,30,51,91.95,Month-to-Month,Net Banking,No
87709,Female,44,57,64.21,Month-to-Month,Net Banking,No
47441,Male,31,32,85.52,One Year,Debit Card,No
63682,Female,41,67,54.03,Two Year,Credit Card,No
69494,Female,20,57,52.26,Month-to-Month,UPI,Yes
91317,Female,64,54,62.44,Month-to-Month,Credit Card,Yes
75215,Male,68,16,34.56,Month-to-Month,UPI,Yes
88587,Male,66,62,103.11,Month-to-Month,Credit Card,No
16949,Male,47,56,54.87,Month-to-Month,Net Banking,Yes
65393,Female,52,23,60.01,Month-to-Month,Credit Card,Yes
83553,Male,65,17,109.41,Two Year,Debit Card,No
16941,Male,31,38,69.66,Month-to-Month,UPI,Yes
35934,Female,29,30,74.43,Month-to-Month,Credit Card,Yes
33386,Female,45,58,115.65,Month-to-Month,Credit Card,Yes
71886,Male,61,22,108.67,Month-to-Month,UPI,Yes
85745,Female,46,17,36.95,One Year,Credit Card,No
93251,Female,60,15,67.32,Month-to-Month,UPI,No
63413,Female,34,48,117.13,Month-to-Month,Net Banking,Yes
66800,Female,57,32,57.24,Month-to-Month,UPI,Yes
52318,Male,66,40,57.16,Month-to-Month,UPI,No
80173,Female,38,57,39.5,Month-to-Month,Net Banking,No
80390,Male,40,58,31.43,Month-to-Month,Credit Card,No
62329,Male,37,16,94.03,Month-to-Month,Credit Card,No
53088,Male,28,28,97.0,Month-to-Month,Net Banking,Yes
49811,Male,51,1,116.9,Month-to-Month,Debit Card,Yes
65479,Female,27,41,97.34,One Year,UPI,No
95392,Female,27,48,44.34,One Year,Credit Card,Yes
97369,Female,60,31,24.01,One Year,Credit Card,No
29963,Male,23,36,118.54,Two Year,UPI,No
65123,Male,53,33,54.05,Month-to-Month,UPI,Yes
83477,Male,41,33,51.2,Two Year,UPI,No
24388,Female,29,23,110.6,Month-to-Month,Debit Card,No
15569,Male,60,60,78.51,Month-to-Month,Net Banking,Yes
79836,Female,40,30,41.49,Month-to-Month,Debit Card,No
46586,Female,44,45,108.91,Month-to-Month,Debit Card,No
22015,Female,62,39,119.34,Two Year,UPI,Yes
55002,Female,54,45,28.67,Month-to-Month,Net Banking,No
16254,Male,23,12,106.23,Month-to-Month,Credit Card,No
27144,Female,18,32,59.05,Month-to-Month,UPI,No
34214,Male,23,56,72.41,Month-to-Month,Net Banking,No
90719,Female,67,24,111.48,Month-to-Month,Credit Card,No
81774,Male,39,13,117.34,Month-to-Month,Debit Card,No
16090,Male,58,20,46.22,Month-to-Month,Net Banking,No
21637,Female,41,56,41.29,Two Year,Debit Card,No
32415,Female,42,53,28.05,Month-to-Month,Debit Card,Yes
34071,Female,32,68,76.18,Month-to-Month,Net Banking,Yes
68243,Male,43,54,21.36,One Year,Credit Card,Yes
51240,Female,25,34,61.19,Two Year,Net Banking,No
93807,Female,68,28,27.34,Month-to-Month,Credit Card,Yes
43434,Male,41,50,60.52,Month-to-Month,UPI,No
79724,Female,65,2,23.99,Two Year,UPI,No
85697,Male,55,26,103.52,Month-to-Month,UPI,Yes
38732,Female,23,51,40.97,Month-to-Month,Debit Card,No
21314,Male,52,47,52.83,Month-to-Month,UPI,No
33954,Male,59,26,107.0,Two Year,Debit Card,No
67108,Female,18,61,94.63,Two Year,Credit Card,Yes
97044,Male,63,23,41.9,One Year,Net Banking,No
97505,Female,53,37,27.19,Month-to-Month,Net Banking,No
46668,Female,29,41,91.57,Month-to-Month,Debit Card,No
33061,Male,55,52,59.07,Month-to-Month,Debit Card,No
89252,Female,28,49,96.61,Two Year,Debit Card,No
49749,Male,29,27,64.53,Two Year,Credit Card,No
26907,Male,59,6,54.6,Month-to-Month,Credit Card,Yes
28777,Male,67,66,65.12,One Year,UPI,Yes
61745,Male,56,24,94.86,Month-to-Month,UPI,No
91818,Male,24,38,110.22,Month-to-Month,Net Banking,Yes
33624,Male,28,28,24.98,One Year,UPI,No
33321,Male,53,28,72.41,Month-to-Month,Credit Card,No
20488,Male,69,66,23.28,Month-to-Month,Credit Card,No
32574,Female,48,61,66.84,Month-to-Month,Credit Card,Yes
15240,Female,50,46,108.53,One Year,Credit Card,No
53221,Male,30,69,56.16,Two Year,Net Banking,No
20478,Female,35,43,113.25,Two Year,Net Banking,No
65645,Female,58,59,83.06,One Year,Credit Card,No
29262,Female,41,2,113.42,Month-to-Month,Debit Card,Yes
62796,Female,26,15,95.72,Month-to-Month,UPI,No
14432,Female,48,37,30.34,Two Year,Net Banking,No
74291,Female,58,71,43.12,Month-to-Month,Debit Card,No
89104,Male,27,20,59.42,One Year,UPI,No
69399,Female,19,35,37.01,One Year,Debit Card,No
89714,Female,55,34,69.49,One Year,Credit Card,No
60428,Female,32,31,67.14,Month-to-Month,UPI,No
97731,Female,20,19,115.63,Month-to-Month,Debit Card,Yes
10302,Male,60,68,63.37,One Year,Net Banking,No
92558,Male,48,24,98.56,Two Year,Net Banking,No
10055,Male,23,39,114.19,One Year,Net Banking,No
18717,Male,20,54,107.7,Month-to-Month,UPI,Yes
38699,Female,28,39,40.87,Month-to-Month,Credit Card,No
83686,Male,32,17,69.6,One Year,Credit Card,Yes
77661,Male,62,19,54.77,One Year,UPI,No
54247,Male,69,48,59.99,One Year,UPI,No
26748,Male,45,35,56.08,Month-to-Month,Credit Card,Yes
14621,Female,27,32,102.64,Two Year,Net Banking,No
25034,Male,55,47,65.21,Month-to-Month,Credit Card,No
15126,Female,64,47,72.37,One Year,Credit Card,No
15122,Male,67,64,118.24,Month-to-Month,Debit Card,Yes
28030,Female,67,46,26.0,Month-to-Month,Net Banking,No
92838,Female,24,35,68.8,Two Year,UPI,No
94717,Male,32,17,97.41,Month-to-Month,Credit Card,Yes
65658,Male,35,42,35.12,Month-to-Month,Net Banking,No
48638,Male,35,29,81.15,Month-to-Month,UPI,No
77067,Male,69,70,43.95,One Year,Debit Card,Yes
98869,Female,58,17,106.74,Month-to-Month,Debit Card,No
44674,Female,41,14,52.71,Month-to-Month,Net Banking,No
45854,Male,19,24,52.91,Two Year,Credit Card,Yes
56271,Male,57,57,79.82,Month-to-Month,UPI,Yes
83688,Female,37,50,38.36,Month-to-Month,Net Banking,No
48518,Male,51,57,48.49,Month-to-Month,Debit Card,No
20267,Female,60,61,61.66,Two Year,UPI,No
11062,Male,43,39,55.36,Month-to-Month,UPI,No
60448,Female,24,55,72.49,One Year,Credit Card,Yes
16229,Female,55,36,79.96,Month-to-Month,Debit Card,No
66793,Female,47,37,76.67,Two Year,Debit Card,No
57915,Female,59,14,85.42,One Year,Debit Card,No
14632,Female,22,27,50.77,Month-to-Month,UPI,No
13596,Male,28,31,32.64,Month-to-Month,Debit Card,Yes
16168,Female,18,44,96.08,Two Year,Net Banking,No
17561,Male,51,68,105.08,Month-to-Month,Debit Card,Yes
83794,Female,18,48,45.7,Two Year,UPI,No
92152,Female,36,57,60.71,Month-to-Month,Debit Card,Yes
36734,Male,19,22,69.86,One Year,Debit Card,Yes
16371,Male,38,4,73.33,Month-to-Month,UPI,Yes
36069,Male,37,46,85.95,One Year,Debit Card,No
89905,Male,40,59,24.16,Month-to-Month,Credit Card,No
22910,Female,38,34,92.15,Month-to-Month,UPI,No
83479,Male,41,11,26.2,Month-to-Month,Debit Card,No
87735,Female,21,31,66.83,Month-to-Month,Credit Card,No
91264,Male,29,11,102.77,Month-to-Month,Net Banking,Yes
33275,Male,39,56,65.12,Month-to-Month,UPI,No
82274,Female,37,38,34.91,Two Year,Debit Card,No
91449,Female,35,21,118.5,Month-to-Month,UPI,No
70004,Male,18,10,108.93,One Year,Credit Card,Yes
72981,Female,47,26,97.13,Month-to-Month,UPI,No
94659,Female,50,8,61.15,Month-to-Month,Net Banking,No
64553,Female,41,8,38.38,Month-to-Month,Debit Card,No
58447,Female,31,60,114.14,Two Year,Net Banking,No
44529,Female,53,34,73.24,One Year,Credit Card,No
85703,Female,22,16,105.24,Month-to-Month,UPI,No
86090,Female,28,13,54.21,One Year,Debit Card,Yes
27260,Female,41,22,53.53,Month-to-Month,Debit Card,No
13812,Male,48,27,118.55,Month-to-Month,Credit Card,No
38024,Female,30,64,72.18,Month-to-Month,Credit Card,Yes
68656,Male,33,2,34.07,Month-to-Month,UPI,No
37285,Female,41,26,41.97,Month-to-Month,Debit Card,No
11605,Female,30,69,68.19,One Year,Credit Card,No
81158,Female,41,30,24.25,Month-to-Month,Debit Card,No
82303,Female,43,8,66.25,One Year,UPI,Yes
37139,Male,19,38,61.89,Month-to-Month,Net Banking,No
87149,Male,33,61,97.93,Month-to-Month,Credit Card,Yes
66138,Female,55,65,55.49,One Year,UPI,Yes
86125,Male,63,67,118.25,One Year,Net Banking,No
23918,Female,18,46,38.08,Two Year,UPI,Yes
95655,Female,66,43,79.1,Month-to-Month,Credit Card,Yes
37446,Male,28,59,28.97,One Year,UPI,No
23046,Male,68,46,93.39,One Year,Debit Card,No
34818,Female,52,35,119.48,Month-to-Month,Credit Card,No
14324,Female,60,39,101.91,Month-to-Month,Debit Card,No
86323,Male,46,51,75.57,Month-to-Month,UPI,No
19111,Female,54,4,68.47,Month-to-Month,Credit Card,Yes
48110,Male,34,51,103.5,Month-to-Month,Debit Card,No
26389,Female,56,5,113.6,Two Year,Debit Card,Yes
51427,Female,59,55,118.92,Month-to-Month,Debit Card,No
89579,Male,45,20,59.65,One Year,Net Banking,No
38746,Male,46,24,119.09,One Year,Debit Card,No
97886,Male,60,36,35.59,Month-to-Month,Debit Card,Yes
10117,Female,20,34,45.35,Month-to-Month,UPI,Yes
94471,Female,69,54,28.9,Month-to-Month,UPI,Yes
23234,Female,27,34,47.17,One Year,UPI,No
63441,Female,59,17,96.79,Two Year,UPI,No
10846,Male,31,5,105.29,Month-to-Month,Net Banking,Yes
20954,Female,29,18,97.89,Two Year,UPI,No
89239,Female,64,55,83.11,Month-to-Month,UPI,No
56514,Female,59,53,71.4,One Year,UPI,No
98236,Male,47,50,90.87,Month-to-Month,Debit Card,No
16469,Female,49,45,59.08,Month-to-Month,Net Banking,No
40105,Female,49,13,104.13,Month-to-Month,UPI,No
52101,Male,59,16,87.72,Month-to-Month,Debit Card,No
74323,Female,49,13,89.78,Month-to-Month,Credit Card,No
68067,Female,43,20,73.59,One Year,Net Banking,No
59376,Male,68,66,108.52,Month-to-Month,UPI,No
55587,Female,18,47,45.2,One Year,Debit Card,No
46976,Female,59,19,58.11,Month-to-Month,Credit Card,No
77584,Female,19,45,97.76,One Year,Credit Card,No
88477,Male,34,37,69.27,One Year,Debit Card,No
52533,Female,47,54,108.92,One Year,Debit Card,No
11828,Female,56,6,54.64,Month-to-Month,Net Banking,Yes
11917,Male,24,14,56.93,Month-to-Month,Debit Card,No
30618,Male,69,4,108.87,One Year,UPI,Yes
42254,Female,44,55,66.44,Month-to-Month,Credit Card,Yes
57362,Female,26,34,71.61,Month-to-Month,UPI,No
30128,Female,39,27,53.28,Month-to-Month,UPI,No
69383,Female,51,7,47.67,One Year,UPI,No
75545,Male,63,3,85.59,One Year,Credit Card,Yes
92180,Female,66,47,31.98,One Year,Credit Card,No
97958,Male,18,2,107.93,Month-to-Month,Credit Card,Yes
19865,Male,26,25,97.92,Month-to-Month,Debit Card,No
12219,Female,37,60,39.07,Two Year,UPI,No
49809,Female,36,24,89.4,Month-to-Month,Net Banking,Yes
15287,Male,53,15,80.26,Month-to-Month,Debit Card,Yes
44387,Male,57,14,38.45,Month-to-Month,Debit Card,No
18512,Female,62,54,47.32,Month-to-Month,Net Banking,No
11342,Male,21,6,60.9,Month-to-Month,UPI,No
73076,Female,26,18,89.92,Month-to-Month,Net Banking,No
29216,Female,58,20,83.87,Month-to-Month,Credit Card,No
89767,Male,39,62,73.22,Month-to-Month,UPI,No
36614,Male,35,40,96.84,Two Year,Debit Card,Yes
46258,Female,29,39,95.79,Month-to-Month,Credit Card,No
52078,Male,59,52,81.79,Month-to-Month,Credit Card,No
93524,Female,60,32,98.7,One Year,Debit Card,No
22219,Female,56,27,53.43,Two Year,Net Banking,No
10235,Female,26,52,108.12,Month-to-Month,Credit Card,No
52929,Male,23,63,81.49,One Year,Credit Card,No
77444,Female,36,63,102.24,Month-to-Month,UPI,No
18567,Female,65,17,74.63,Month-to-Month,UPI,No
80792,Female,64,49,41.84,Month-to-Month,Debit Card,No
75441,Female,24,23,74.24,Month-to-Month,Debit Card,Yes
94555,Female,33,13,57.11,One Year,Debit Card,Yes
83698,Female,22,23,89.75,Month-to-Month,Net Banking,No
15415,Female,33,57,67.58,Month-to-Month,Credit Card,No
46159,Female,18,62,103.61,One Year,Debit Card,No
53925,Female,68,54,87.81,Month-to-Month,UPI,No
15951,Female,54,20,88.45,Two Year,Credit Card,No
97388,Female,56,52,41.72,Two Year,Debit Card,No
18007,Male,36,23,118.42,Month-to-Month,Credit Card,Yes
51832,Female,54,35,104.17,Two Year,Credit Card,No
68596,Female,34,67,98.9,Month-to-Month,Credit Card,No
40523,Female,43,34,53.02,Month-to-Month,Debit Card,No
98861,Male,39,33,73.56,Month-to-Month,Credit Card,Yes
96740,Female,25,46,33.71,One Year,Credit Card,No
25524,Male,50,45,73.85,One Year,Credit Card,No
29282,Female,19,19,34.59,Month-to-Month,UPI,No
33930,Female,47,15,75.3,Month-to-Month,Debit Card,No
10077,Male,64,66,84.87,Month-to-Month,Net Banking,No
30611,Female,37,39,59.02,Two Year,UPI,No
26984,Male,35,18,69.85,Two Year,Credit Card,No
24060,Male,60,70,107.57,One Year,Credit Card,No
92985,Female,27,59,30.86,One Year,Net Banking,Yes
94056,Female,41,32,99.17,Month-to-Month,Net Banking,No
53303,Female,21,21,37.08,Month-to-Month,UPI,No
69207,Female,54,40,23.67,Month-to-Month,Credit Card,No
85046,Male,21,27,38.56,One Year,Net Banking,No
39287,Male,30,2,96.5,Month-to-Month,UPI,Yes
49711,Female,42,39,60.51,Month-to-Month,Net Banking,Yes
21954,Male,30,56,107.25,Two Year,Credit Card,No
83340,Male,35,13,72.47,One Year,Credit Card,No
82101,Female,41,56,22.23,Month-to-Month,Credit Card,No
81520,Male,19,66,91.67,One Year,Credit Card,Yes
97062,Male,65,56,31.02,Two Year,Debit Card,No
28574,Female,50,28,98.94,Month-to-Month,Debit Card,Yes
19184,Male,36,64,36.81,Month-to-Month,Debit Card,No
29096,Female,26,71,54.54,Month-to-Month,UPI,Yes
77728,Male,45,64,96.13,Month-to-Month,UPI,No
44016,Female,52,56,115.42,One Year,Net Banking,No
21246,Male,56,41,57.14,Month-to-Month,Net Banking,No
55558,Male,27,41,102.94,Month-to-Month,UPI,Yes
28381,Female,18,4,39.08,Month-to-Month,Net Banking,No
46455,Female,59,57,100.72,Month-to-Month,UPI,No
14018,Female,38,30,85.75,Month-to-Month,Debit Card,Yes
21302,Female,26,46,39.27,One Year,UPI,No
77506,Male,64,56,50.25,Month-to-Month,UPI,No
51157,Male,32,31,33.18,One Year,Net Banking,No
64917,Male,52,7,58.3,One Year,Net Banking,Yes
93122,Female,22,54,40.36,Month-to-Month,UPI,No
34519,Male,58,8,84.4,One Year,Credit Card,Yes
97487,Male,39,55,119.45,One Year,Net Banking,No
66819,Female,58,69,21.2,Month-to-Month,UPI,Yes
90910,Female,40,44,74.09,Month-to-Month,Net Banking,No
81324,Male,24,13,77.37,One Year,Credit Card,No
15408,Female,40,20,111.42,Two Year,Net Banking,Yes
69379,Male,61,32,70.6,Month-to-Month,UPI,No
35053,Male,42,60,74.37,Month-to-Month,UPI,No
19446,Female,44,50,67.17,Month-to-Month,Credit Card,Yes
10922,Male,58,27,46.89,Month-to-Month,UPI,No
61356,Female,23,25,25.6,Month-to-Month,Credit Card,No
20789,Female,51,52,60.87,Month-to-Month,UPI,Yes
76656,Male,26,68,25.26,Month-to-Month,UPI,Yes
54028,Male,66,21,75.05,Month-to-Month,Net Banking,No
74484,Male,50,18,50.73,Month-to-Month,Net Banking,No
42154,Female,68,39,73.36,Month-to-Month,Credit Card,Yes
92870,Male,23,15,33.43,Month-to-Month,Net Banking,No
12336,Female,54,53,113.26,Month-to-Month,Debit Card,No
77779,Female,48,38,109.45,One Year,Credit Card,No
29029,Male,51,48,39.0,Two Year,Debit Card,No
69201,Female,58,52,54.34,Month-to-Month,Credit Card,No
42265,Male,46,28,81.35,Month-to-Month,Debit Card,Yes
53872,Male,31,16,29.57,Month-to-Month,Net Banking,No
56197,Male,53,16,55.46,Month-to-Month,Net Banking,No
65180,Male,53,35,45.11,Month-to-Month,UPI,Yes
33710,Male,32,17,111.55,Month-to-Month,Debit Card,Yes
39486,Male,25,52,105.25,One Year,UPI,Yes
81907,Male,43,12,77.98,Month-to-Month,Credit Card,No
81895,Female,53,48,72.03,Month-to-Month,Debit Card,Yes
74435,Male,65,22,113.07,One Year,UPI,No
50631,Female,38,49,113.24,One Year,Credit Card,No
30103,Female,45,52,116.93,Month-to-Month,Debit Card,Yes
74772,Female,21,1,32.54,Month-to-Month,UPI,No
24382,Male,33,66,36.06,Month-to-Month,Debit Card,Yes
94291,Female,39,64,87.67,Month-to-Month,Debit Card,Yes
13756,Female,29,8,74.14,Month-to-Month,UPI,Yes
30609,Male,33,25,21.85,Month-to-Month,Net Banking,No
26478,Male,68,66,26.2,Month-to-Month,Net Banking,No
49666,Female,57,70,108.81,One Year,UPI,No
85683,Male,55,51,106.89,One Year,Credit Card,No
81315,Male,59,53,55.73,Month-to-Month,UPI,Yes
87834,Male,54,15,109.11,Month-to-Month,UPI,Yes
24153,Male,46,50,79.37,Month-to-Month,Debit Card,No
86325,Female,35,71,100.59,Month-to-Month,Net Banking,Yes
22999,Male,27,38,62.74,Month-to-Month,Net Banking,No
65318,Male,59,40,31.34,Two Year,Net Banking,Yes
10814,Male,56,66,63.37,One Year,Net Banking,No
86077,Female,35,39,65.73,Two Year,UPI,No
12443,Female,18,17,75.09,One Year,Debit Card,Yes
85993,Male,56,7,30.56,Two Year,Net Banking,No
85916,Male,38,39,119.14,One Year,Net Banking,No
83319,Female,18,68,44.41,Two Year,Debit Card,Yes
27368,Male,32,35,39.86,Month-to-Month,UPI,No
25328,Male,21,51,72.68,Month-to-Month,UPI,Yes
66942,Female,37,47,73.72,Month-to-Month,UPI,Yes
37306,Male,27,36,63.98,Two Year,Net Banking,Yes
95451,Male,40,64,97.19,Month-to-Month,Net Banking,No
49915,Female,58,13,71.67,Month-to-Month,Net Banking,Yes
47219,Female,51,18,80.97,Month-to-Month,UPI,Yes
90879,Male,63,21,92.37,One Year,Net Banking,No
74644,Female,65,65,22.5,Month-to-Month,Credit Card,No
70279,Male,50,8,77.06,One Year,Debit Card,Yes
63028,Male,51,48,108.42,Two Year,Credit Card,Yes
10126,Male,56,43,21.74,Two Year,Credit Card,No
62329,Female,27,53,60.52,Month-to-Month,Net Banking,No
37632,Female,37,27,112.62,Month-to-Month,Debit Card,No
75310,Male,18,19,55.32,Month-to-Month,Credit Card,Yes
65176,Male,30,23,65.87,Month-to-Month,UPI,No
96066,Female,18,50,118.15,Month-to-Month,UPI,No
54327,Female,22,51,39.93,One Year,UPI,No
78904,Female,33,43,26.53,Month-to-Month,UPI,Yes
13797,Male,32,51,105.94,Two Year,Debit Card,Yes
57882,Female,66,69,106.85,Two Year,UPI,No
23718,Female,45,41,67.21,Month-to-Month,Debit Card,No
44560,Male,48,11,71.42,Two Year,Debit Card,Yes
86589,Male,40,52,103.58,One Year,Debit Card,No
32116,Male,65,23,93.86,Month-to-Month,Debit Card,Yes
46244,Female,62,49,46.51,Month-to-Month,Net Banking,No
11645,Male,60,38,21.69,Month-to-Month,Credit Card,No
57523,Male,34,47,67.97,Month-to-Month,Net Banking,No
29256,Male,66,7,105.89,One Year,Credit Card,Yes
63173,Male,51,66,109.58,Month-to-Month,Net Banking,No
47430,Female,30,62,115.62,One Year,UPI,No
49282,Male,31,29,107.96,Month-to-Month,Debit Card,No
73374,Female,28,38,78.0,Month-to-Month,UPI,No
78244,Female,45,33,64.46,Month-to-Month,UPI,Yes
21694,Female,59,29,97.48,Month-to-Month,UPI,No
66264,Male,49,23,93.98,Month-to-Month,Net Banking,Yes
85060,Female,52,3,73.81,Month-to-Month,UPI,Yes
67545,Male,48,45,28.73,Two Year,Debit Card,No
49224,Male,34,8,112.61,One Year,Debit Card,Yes
23224,Male,64,29,65.56,Month-to-Month,Credit Card,No
50738,Female,26,2,56.33,Month-to-Month,Net Banking,No
35150,Male,27,50,82.96,Month-to-Month,Debit Card,No
73731,Male,25,65,87.38,Month-to-Month,Debit Card,No
59688,Male,38,20,41.07,One Year,Net Banking,Yes
83509,Female,30,52,103.69,One Year,UPI,No
18577,Female,67,37,48.99,One Year,Debit Card,No
18070,Female,22,27,38.67,Month-to-Month,UPI,No
18666,Male,23,47,60.64,Two Year,Debit Card,No
67761,Female,47,6,93.06,Month-to-Month,Credit Card,Yes
46368,Male,48,60,116.55,Two Year,UPI,Yes
16783,Male,34,45,100.93,Month-to-Month,Debit Card,No
51914,Female,28,44,114.03,Month-to-Month,Net Banking,No
80507,Male,37,18,34.06,Month-to-Month,Net Banking,No
89026,Female,65,65,27.12,Month-to-Month,Net Banking,No
77526,Male,26,25,75.77,One Year,Debit Card,No
80835,Female,19,27,49.03,One Year,UPI,No
55765,Male,54,7,102.81,Month-to-Month,Credit Card,Yes
29956,Male,18,44,87.2,One Year,Credit Card,No
97895,Male,21,29,117.07,Month-to-Month,Debit Card,No
56240,Male,53,44,45.48,Month-to-Month,Debit Card,No
47148,Male,42,36,68.58,Two Year,Debit Card,Yes
14757,Female,20,19,70.12,Two Year,UPI,Yes
29097,Male,26,6,43.92,Month-to-Month,Net Banking,Yes
20395,Female,39,25,79.01,Month-to-Month,UPI,Yes
26241,Female,40,31,64.33,Month-to-Month,UPI,Yes
37696,Female,29,9,64.67,One Year,Debit Card,No
80480,Male,27,37,56.27,Two Year,Credit Card,No
56163,Male,51,27,21.69,Month-to-Month,UPI,No
29816,Male,60,13,72.21,One Year,Credit Card,No
59840,Female,27,41,53.52,Month-to-Month,Debit Card,No
62853,Male,47,66,20.13,Month-to-Month,UPI,Yes
34917,Male,39,24,50.79,Two Year,Net Banking,No
31566,Female,23,44,47.86,Month-to-Month,Net Banking,No
85452,Female,67,60,59.34,Month-to-Month,UPI,No
72823,Female,19,9,33.19,One Year,Net Banking,Yes
30806,Female,47,2,70.77,Month-to-Month,UPI,Yes
85520,Female,19,56,89.24,Month-to-Month,Net Banking,No
11759,Female,49,30,83.02,Two Year,Debit Card,Yes
51949,Male,59,22,100.38,One Year,Net Banking,No
12482,Female,33,13,65.2,One Year,Net Banking,Yes
34442,Male,29,71,71.91,Month-to-Month,Debit Card,No
43719,Male,18,16,101.04,Month-to-Month,Debit Card,No
68066,Male,25,45,62.77,Two Year,Net Banking,No
12079,Female,65,65,90.16,Month-to-Month,Credit Card,Yes
12717,Male,67,11,63.46,Month-to-Month,Credit Card,Yes
69676,Female,30,70,61.77,Month-to-Month,UPI,No
37952,Female,32,20,96.02,Month-to-Month,Net Banking,Yes
96444,Male,61,63,37.48,Month-to-Month,UPI,No
52460,Female,25,12,53.86,Two Year,Debit Card,No
82847,Male,27,62,42.42,Two Year,Net Banking,No
99106,Male,63,42,55.91,Month-to-Month,Debit Card,Yes
28449,Female,22,69,43.04,One Year,Net Banking,No
43536,Male,67,58,77.94,Two Year,Net Banking,No
74077,Male,36,5,99.82,One Year,Debit Card,Yes
48258,Male,64,27,98.66,Month-to-Month,Net Banking,No
58302,Female,55,28,56.45,Month-to-Month,Net Banking,No
38865,Male,28,26,118.88,Month-to-Month,UPI,Yes
16645,Female,60,49,79.39,Month-to-Month,Debit Card,Yes
48000,Female,37,21,59.94,Month-to-Month,Credit Card,No
36737,Male,37,1,103.55,Month-to-Month,Credit Card,Yes
21485,Male,38,58,92.99,Month-to-Month,Net Banking,No
48565,Female,35,55,94.93,Month-to-Month,UPI,No
35522,Female,67,26,39.61,Month-to-Month,Net Banking,No
75155,Male,27,25,66.83,Month-to-Month,UPI,Yes
65168,Male,51,33,106.18,One Year,Net Banking,No
62487,Female,43,69,70.4,Month-to-Month,Credit Card,No
22342,Female,47,6,88.35,One Year,Debit Card,Yes
50806,Female,26,23,78.79,Two Year,UPI,Yes
58770,Female,63,30,104.24,One Year,Net Banking,No
88623,Female,68,54,48.46,One Year,Net Banking,No
85629,Male,48,11,77.55,Two Year,UPI,Yes
62603,Female,59,31,32.32,Month-to-Month,UPI,Yes
91974,Female,21,6,89.02,Two Year,Credit Card,Yes
36399,Male,23,11,93.2,One Year,UPI,Yes
95382,Male,31,12,24.28,One Year,Net Banking,No
91244,Female,21,66,87.58,Month-to-Month,Credit Card,No
86534,Female,43,53,61.47,Month-to-Month,Credit Card,No
65106,Male,64,36,32.41,One Year,Debit Card,No
40678,Female,65,17,61.99,One Year,Debit Card,No
86218,Female,56,28,39.42,One Year,Debit Card,Yes
73230,Male,34,22,61.56,Month-to-Month,UPI,No
84055,Female,36,7,58.43,Month-to-Month,Credit Card,Yes
66373,Male,68,15,93.84,Month-to-Month,UPI,No
41480,Male,66,11,97.42,Month-to-Month,Credit Card,Yes
95230,Male,23,24,80.7,Month-to-Month,Net Banking,Yes
78836,Male,46,67,22.27,Month-to-Month,UPI,Yes
82258,Female,28,30,113.1,Month-to-Month,Credit Card,No
49986,Male,33,70,88.62,Month-to-Month,Debit Card,No
34160,Female,47,66,23.42,Month-to-Month,Debit Card,No
95595,Female,42,61,101.88,Two Year,Net Banking,No
89111,Female,57,41,40.03,One Year,UPI,No
74929,Female,28,51,77.92,One Year,Credit Card,No
83506,Female,24,44,66.66,Month-to-Month,Debit Card,Yes
44911,Male,43,13,61.98,One Year,Credit Card,No
97127,Male,39,12,108.97,Month-to-Month,UPI,Yes
41821,Male,42,9,63.74,Two Year,Debit Card,No
85039,Male,36,48,27.53,One Year,Net Banking,No
70535,Female,48,49,114.66,Month-to-Month,Net Banking,No
94458,Male,43,53,112.05,Two Year,UPI,Yes
22175,Female,59,56,88.44,Month-to-Month,UPI,No
64771,Female,58,40,66.79,Month-to-Month,Credit Card,No
96925,Male,53,24,29.29,One Year,Net Banking,No
76358,Male,40,33,99.07,Month-to-Month,UPI,No
27327,Male,64,23,27.55,Month-to-Month,UPI,No
57057,Male,30,54,26.86,One Year,Net Banking,No
16150,Female,42,53,73.74,Month-to-Month,Credit Card,Yes
14425,Female,19,49,36.01,One Year,Credit Card,No
26032,Male,19,49,20.77,Two Year,Net Banking,No
12198,Female,33,60,62.31,Month-to-Month,Net Banking,No
70500,Female,26,65,33.72,Month-to-Month,Net Banking,No
63394,Female,45,32,36.05,Month-to-Month,Net Banking,No
30079,Male,30,21,27.69,Month-to-Month,Net Banking,No
46220,Female,52,18,40.51,Month-to-Month,UPI,Yes
51874,Male,58,60,91.55,Month-to-Month,Debit Card,No
23859,Male,30,13,100.89,Month-to-Month,Net Banking,No
60460,Female,48,24,65.25,Month-to-Month,Debit Card,No
41419,Female,38,30,70.66,One Year,Credit Card,Yes
18705,Male,49,2,23.27,Two Year,UPI,Yes
52880,Female,51,25,26.93,One Year,Debit Card,No
33236,Female,25,50,45.76,Month-to-Month,Credit Card,No
97955,Male,58,14,74.39,Month-to-Month,Credit Card,Yes
95514,Male,65,6,93.96,One Year,Credit Card,Yes
25358,Male,19,30,80.5,Month-to-Month,Net Banking,No
86918,Male,55,30,59.21,Month-to-Month,UPI,No
24596,Female,49,38,31.83,One Year,Credit Card,Yes
43572,Female,57,58,98.08,Month-to-Month,Net Banking,No
88757,Male,45,41,56.38,Month-to-Month,Debit Card,No
11279,Male,54,57,93.61,Two Year,UPI,No
73197,Male,58,36,71.3,Two Year,Debit Card,No
72516,Female,18,64,93.87,Month-to-Month,Debit Card,Yes
17083,Male,58,16,110.73,Month-to-Month,Net Banking,No
27771,Female,27,14,112.1,Month-to-Month,Debit Card,No
39975,Male,21,31,73.51,One Year,UPI,No
55648,Male,52,66,71.15,Month-to-Month,Debit Card,No
58285,Male,27,68,46.57,Month-to-Month,Net Banking,Yes
29063,Female,64,65,113.58,Two Year,Credit Card,No
77642,Female,28,55,65.79,Month-to-Month,Net Banking,No
96143,Female,31,40,32.76,Two Year,Credit Card,No
47599,Male,55,25,63.27,Two Year,Debit Card,Yes
61920,Female,29,25,32.71,Month-to-Month,Credit Card,Yes
38529,Female,62,3,70.25,One Year,Net Banking,Yes
45954,Male,34,69,76.13,Month-to-Month,Net Banking,Yes
37856,Male,33,26,53.78,One Year,UPI,No
12573,Female,52,40,27.17,One Year,UPI,Yes
88344,Female,19,38,114.35,Month-to-Month,Credit Card,No
45367,Female,28,38,97.34,One Year,Credit Card,No
70774,Female,58,68,103.89,One Year,UPI,No
33752,Male,20,7,56.69,Month-to-Month,Debit Card,No
65029,Male,46,30,96.08,Month-to-Month,UPI,No
27685,Male,35,19,68.54,Month-to-Month,Debit Card,No
61693,Female,37,35,40.11,Month-to-Month,Credit Card,No
65961,Female,64,33,32.44,Two Year,Credit Card,No
86908,Male,31,33,54.51,One Year,Net Banking,No
84532,Male,51,38,33.76,Month-to-Month,Net Banking,No
91994,Female,66,10,119.83,Month-to-Month,Debit Card,Yes
66133,Female,48,57,24.92,Month-to-Month,Debit Card,No
71268,Male,57,28,64.11,Month-to-Month,UPI,Yes
48243,Male,59,38,65.21,Month-to-Month,Debit Card,Yes
67384,Male,35,16,50.06,Month-to-Month,Credit Card,Yes
41653,Female,47,21,77.14,Month-to-Month,Credit Card,Yes
36657,Female,42,6,35.0,Two Year,Credit Card,No
49952,Female,36,41,98.39,One Year,Net Banking,No
32180,Female,25,15,53.24,One Year,Debit Card,No
88411,Female,45,3,79.13,Month-to-Month,Debit Card,Yes
11622,Female,25,43,91.56,Two Year,Net Banking,No
58756,Male,48,47,108.9,One Year,Net Banking,No
50809,Male,20,14,103.58,Two Year,Net Banking,No
26725,Female,20,66,80.83,Month-to-Month,Credit Card,No
71396,Male,61,29,58.84,Month-to-Month,Debit Card,No
61226,Female,39,4,70.32,Month-to-Month,UPI,Yes
91182,Male,34,26,96.87,Month-to-Month,UPI,Yes
92565,Female,53,12,107.75,One Year,Debit Card,No
39402,Male,34,2,30.38,Two Year,Debit Card,No
14263,Male,31,17,58.49,Month-to-Month,Net Banking,No
56828,Female,68,35,97.61,Month-to-Month,Net Banking,Yes
57924,Female,26,10,63.17,One Year,Credit Card,Yes
84182,Male,47,43,53.22,Month-to-Month,Net Banking,No
69052,Male,38,21,61.13,One Year,Debit Card,No
21664,Female,29,15,80.28,One Year,Credit Card,No
45737,Male,54,35,119.98,Month-to-Month,UPI,No
99563,Female,49,60,69.3,One Year,Debit Card,No
39373,Female,28,44,40.85,Month-to-Month,UPI,Yes
46397,Male,37,5,36.28,Two Year,Debit Card,No
96145,Female,52,18,24.23,One Year,Debit Card,Yes
48709,Male,64,21,75.88,Two Year,Credit Card,No
71120,Male,63,51,74.46,Month-to-Month,Credit Card,No
29250,Female,28,41,40.52,Month-to-Month,Net Banking,Yes
31172,Male,69,24,89.53,Month-to-Month,Debit Card,No
21555,Female,25,24,94.11,Month-to-Month,Debit Card,No
97410,Female,21,38,45.91,Two Year,Credit Card,Yes
88617,Female,44,44,54.41,Month-to-Month,UPI,Yes
63276,Male,61,57,119.05,One Year,Net Banking,No
67492,Female,57,59,57.43,Month-to-Month,Debit Card,No
63002,Male,55,34,96.08,Month-to-Month,Credit Card,No
99599,Female,64,23,65.27,Two Year,Debit Card,No
82355,Female,47,43,99.33,Month-to-Month,Credit Card,No
34762,Female,61,40,96.9,One Year,Net Banking,No
21046,Male,65,47,86.78,Month-to-Month,UPI,No
38769,Male,65,41,105.48,Two Year,Debit Card,No
63302,Female,44,47,113.92,Month-to-Month,Debit Card,No
33150,Female,38,20,78.0,One Year,Net Banking,No
78247,Male,69,65,43.75,Month-to-Month,UPI,Yes
14853,Male,37,68,59.86,Month-to-Month,Debit Card,Yes
99399,Male,21,24,95.83,Two Year,Net Banking,Yes
31792,Female,28,36,85.09,Two Year,Debit Card,No
69129,Male,30,45,37.78,Month-to-Month,Debit Card,No
84478,Female,26,2,25.12,Month-to-Month,Net Banking,No
77298,Male,21,28,88.3,Month-to-Month,Net Banking,No
41987,Female,29,26,45.11,Month-to-Month,Credit Card,No
25850,Female,26,23,69.97,One Year,Credit Card,No
22112,Female,30,36,94.67,Month-to-Month,Debit Card,Yes
34058,Male,65,6,76.27,Month-to-Month,Net Banking,Yes
55420,Male,43,35,28.33,One Year,UPI,No
48890,Male,55,38,38.56,Month-to-Month,UPI,Yes
76017,Female,59,35,41.93,One Year,Debit Card,No
57304,Female,30,53,45.79,Two Year,Credit Card,No
42921,Male,56,38,76.54,Month-to-Month,Net Banking,Yes
11524,Female,45,59,70.4,One Year,Net Banking,No
25048,Female,36,43,40.32,Month-to-Month,Credit Card,No
45111,Female,41,4,26.76,Month-to-Month,Net Banking,No
47904,Male,36,5,37.14,Month-to-Month,Debit Card,No
64912,Female,66,68,118.44,Month-to-Month,Net Banking,No
44008,Male,30,45,66.85,Month-to-Month,Net Banking,No
10060,Male,30,25,106.73,Month-to-Month,Credit Card,Yes
84666,Male,45,11,104.88,Two Year,Credit Card,Yes
93559,Male,19,29,71.15,One Year,UPI,Yes
65337,Male,27,34,90.67,Two Year,Debit Card,No
23350,Female,39,14,39.28,Month-to-Month,Credit Card,Yes
34354,Male,30,24,88.84,Month-to-Month,Credit Card,No
55186,Male,26,59,47.24,Month-to-Month,Credit Card,No
38145,Male,50,39,103.21,Month-to-Month,Net Banking,No
44020,Female,31,26,28.37,Month-to-Month,Debit Card,Yes
96123,Female,65,43,97.31,One Year,Debit Card,No
85186,Female,37,36,29.99,Month-to-Month,Net Banking,Yes
95469,Female,32,39,108.12,Month-to-Month,Net Banking,No
30581,Male,49,61,50.42,Month-to-Month,Credit Card,No
98929,Male,50,16,85.44,Month-to-Month,UPI,No
33051,Female,34,59,68.75,Month-to-Month,UPI,No
61474,Female,41,6,56.63,Month-to-Month,Debit Card,No
79626,Female,47,56,84.54,One Year,UPI,Yes
16960,Female,30,8,114.75,Month-to-Month,Credit Card,Yes
45772,Male,64,27,24.13,One Year,Net Banking,No
31520,Female,65,71,111.89,Month-to-Month,Debit Card,No
59481,Female,33,27,80.91,Month-to-Month,Debit Card,No
46408,Female,19,46,100.73,One Year,Net Banking,Yes
67134,Female,34,41,58.39,Month-to-Month,UPI,No
30491,Female,49,25,67.18,Month-to-Month,Debit Card,No
11341,Female,60,18,106.89,Two Year,Net Banking,No
54623,Female,25,12,61.48,Month-to-Month,Net Banking,No
10338,Male,69,51,73.47,Month-to-Month,UPI,No
81431,Male,20,39,22.02,One Year,UPI,No
22254,Male,29,10,35.86,One Year,Credit Card,No
61860,Male,37,54,84.17,Month-to-Month,UPI,No
21344,Male,33,29,91.7,Month-to-Month,UPI,Yes
11750,Male,31,41,78.26,Two Year,Net Banking,No
64756,Female,33,9,34.33,Month-to-Month,Debit Card,No
77957,Female,66,63,64.54,Month-to-Month,Net Banking,No
68053,Male,60,37,55.51,Month-to-Month,Credit Card,No
80855,Female,66,14,69.57,Two Year,Net Banking,No
25896,Male,68,39,107.03,Month-to-Month,Credit Card,No
65761,Female,50,40,97.59,One Year,UPI,Yes
72552,Female,47,54,28.4,Month-to-Month,Debit Card,No
87454,Female,29,3,109.03,Month-to-Month,Debit Card,Yes
37935,Female,32,55,67.18,One Year,Net Banking,No
47641,Female,35,33,94.39,Two Year,Debit Card,Yes
39711,Female,45,71,34.0,Month-to-Month,Credit Card,No
80342,Male,40,19,87.07,Month-to-Month,Credit Card,No
22182,Male,31,34,43.63,Two Year,UPI,No
97833,Female,47,50,63.84,One Year,Net Banking,No
66276,Male,50,47,21.69,Month-to-Month,UPI,Yes
29541,Female,62,46,35.16,Month-to-Month,Debit Card,Yes
92310,Male,32,56,29.21,One Year,UPI,No
54813,Female,24,57,43.97,One Year,Debit Card,No
47198,Male,32,51,30.0,Two Year,Credit Card,No
18820,Female,69,54,89.19,Month-to-Month,Net Banking,Yes
34070,Male,59,28,22.9,Month-to-Month,Net Banking,No
79768,Female,63,19,81.77,One Year,UPI,No
21122,Male,55,27,34.07,Month-to-Month,Debit Card,No
90559,Female,63,48,114.52,Month-to-Month,Credit Card,No
83543,Female,61,19,113.31,Month-to-Month,Debit Card,No
93441,Female,28,51,42.55,Month-to-Month,UPI,Yes
51786,Male,46,7,81.44,Month-to-Month,Debit Card,Yes
16737,Male,48,29,22.8,One Year,Credit Card,No
46062,Male,42,43,113.18,One Year,UPI,No
64237,Female,69,69,72.3,Month-to-Month,Credit Card,Yes
61571,Male,41,58,24.32,Month-to-Month,UPI,No
35510,Female,36,8,54.25,Month-to-Month,Net Banking,No
29426,Male,19,42,27.68,One Year,Debit Card,No
47265,Male,39,42,59.29,Month-to-Month,Credit Card,Yes
27850,Male,37,13,86.99,One Year,Credit Card,No
76150,Male,50,26,66.99,Month-to-Month,Debit Card,No
97312,Female,25,18,58.37,Month-to-Month,Credit Card,Yes
99613,Male,42,42,31.92,One Year,Credit Card,No
84910,Male,63,51,44.49,Month-to-Month,Credit Card,No
62375,Female,26,16,30.01,Month-to-Month,Net Banking,No
45435,Female,51,3,100.75,Month-to-Month,Credit Card,Yes
67132,Male,40,45,33.52,Month-to-Month,Net Banking,No
88945,Male,22,22,79.54,Month-to-Month,Debit Card,No
92050,Female,42,23,54.27,Month-to-Month,Net Banking,No
12983,Female,25,59,42.6,One Year,Credit Card,No
30662,Female,33,62,83.95,One Year,Credit Card,Yes
33510,Male,65,68,65.7,One Year,Credit Card,No
88187,Male,62,54,60.01,Month-to-Month,Net Banking,No
50998,Male,69,57,79.29,One Year,UPI,No
66846,Female,32,23,69.13,Month-to-Month,UPI,No
16640,Female,18,60,50.35,Month-to-Month,Debit Card,Yes
54547,Female,39,55,75.91,Month-to-Month,Debit Card,No
64620,Male,20,63,86.95,Two Year,Debit Card,No
25317,Female,55,56,22.67,Month-to-Month,Credit Card,No
17564,Male,31,55,66.59,Two Year,UPI,Yes
37345,Female,53,25,25.77,Month-to-Month,UPI,Yes
89273,Male,35,26,38.64,Month-to-Month,Debit Card,Yes
84859,Male,64,49,76.05,Month-to-Month,UPI,No
90765,Female,58,63,106.62,One Year,Debit Card,No
84038,Male,35,45,108.28,Month-to-Month,Credit Card,Yes
62393,Female,20,39,26.99,Two Year,UPI,No
76081,Male,27,65,61.91,One Year,Credit Card,No
39430,Female,66,69,78.3,One Year,Credit Card,Yes
85532,Female,56,56,34.71,Month-to-Month,UPI,No
37788,Male,64,9,96.54,Two Year,Net Banking,Yes
58543,Female,18,70,94.42,One Year,Debit Card,No
23919,Male,44,28,110.33,Month-to-Month,UPI,No
79346,Female,44,45,20.85,One Year,Credit Card,No
49974,Female,28,26,41.67,Month-to-Month,Debit Card,No
26371,Female,66,28,102.72,Month-to-Month,Credit Card,Yes
55084,Female,22,40,87.06,Month-to-Month,Debit Card,Yes
39629,Male,24,15,109.44,Month-to-Month,UPI,No
61184,Female,36,6,25.72,Month-to-Month,Credit Card,Yes
71916,Female,46,27,79.7,Month-to-Month,Debit Card,Yes
83972,Male,32,38,76.9,One Year,Debit Card,No
72187,Male,52,68,23.57,Two Year,UPI,No
22984,Male,64,64,71.35,Two Year,Debit Card,Yes
43039,Male,54,30,80.95,Month-to-Month,Debit Card,Yes
95431,Male,29,3,39.13,One Year,Credit Card,No
93691,Male,47,62,47.33,Month-to-Month,UPI,No
68606,Female,37,12,84.03,One Year,UPI,No
20616,Male,54,30,66.83,Month-to-Month,Credit Card,No
60072,Female,20,38,105.8,Month-to-Month,Net Banking,Yes
34574,Male,26,60,54.24,One Year,Credit Card,Yes
13430,Female,58,38,46.67,Month-to-Month,Credit Card,Yes
22676,Female,56,15,118.49,Month-to-Month,Net Banking,Yes
20816,Female,43,18,111.11,One Year,Debit Card,No
42733,Male,19,52,22.9,Month-to-Month,UPI,No
95680,Male,40,29,97.07,Month-to-Month,UPI,No
12050,Male,40,60,31.03,Month-to-Month,Net Banking,No
43933,Male,38,21,22.75,Month-to-Month,UPI,Yes
34951,Female,33,17,47.37,Month-to-Month,Net Banking,Yes
42413,Male,26,18,46.93,One Year,Debit Card,No
44801,Female,30,57,101.93,Month-to-Month,Net Banking,No
65619,Female,45,37,91.07,One Year,UPI,No
42913,Male,44,60,118.16,Month-to-Month,UPI,No
50600,Male,68,38,91.15,Month-to-Month,Net Banking,No
67775,Male,69,12,61.83,One Year,UPI,Yes
45400,Female,34,1,89.89,One Year,Net Banking,Yes
14494,Male,55,58,119.95,One Year,UPI,Yes
90688,Female,53,3,91.01,Two Year,Credit Card,Yes
99431,Male,18,63,96.17,Month-to-Month,Debit Card,Yes
84691,Female,35,21,113.84,Month-to-Month,UPI,No
53001,Male,68,23,31.37,Two Year,UPI,No
77364,Male,26,9,90.48,Month-to-Month,UPI,Yes
55028,Female,30,55,105.08,Month-to-Month,Net Banking,Yes
47573,Male,57,19,115.44,Month-to-Month,UPI,No
10806,Male,62,62,41.1,One Year,Net Banking,No
66638,Male,32,39,70.39,Month-to-Month,UPI,Yes
39757,Male,60,27,88.06,Month-to-Month,Credit Card,Yes
44636,Male,61,46,44.75,Month-to-Month,Credit Card,No
90097,Male,63,34,80.05,One Year,Debit Card,Yes
58280,Male,21,33,45.76,Month-to-Month,Net Banking,No
34262,Female,50,50,53.35,Month-to-Month,Debit Card,No
90435,Female,41,20,64.15,One Year,UPI,Yes
72211,Male,53,40,72.92,Two Year,UPI,No
64842,Male,68,58,64.94,One Year,Credit Card,No
66979,Male,58,31,69.32,One Year,Debit Card,Yes
91470,Female,27,38,49.86,Month-to-Month,UPI,Yes
48197,Female,53,45,35.9,Month-to-Month,UPI,No
51844,Male,37,41,24.73,Month-to-Month,Net Banking,Yes
74754,Female,58,9,39.6,One Year,UPI,Yes
44157,Male,62,9,78.19,Month-to-Month,Debit Card,Yes
87129,Male,61,63,98.61,One Year,Credit Card,Yes
50042,Male,28,22,36.92,Two Year,Credit Card,No
71665,Male,29,16,30.86,Month-to-Month,UPI,No
92856,Female,35,32,94.93,Month-to-Month,UPI,No
37376,Female,47,66,50.52,Month-to-Month,UPI,No
65554,Male,61,14,115.15,Month-to-Month,Net Banking,No
24199,Female,65,38,91.43,Month-to-Month,UPI,Yes
91412,Female,54,8,52.68,Two Year,UPI,Yes
60948,Male,37,21,48.95,Month-to-Month,Net Banking,No
83781,Female,42,56,72.37,Month-to-Month,Debit Card,No
82750,Male,29,46,27.91,Month-to-Month,Net Banking,No
76262,Male,38,43,31.77,Two Year,Credit Card,Yes
56600,Male,42,46,37.59,One Year,Net Banking,Yes
86898,Male,28,48,97.47,Two Year,Net Banking,No
72483,Female,26,70,71.39,Two Year,Debit Card,No
28297,Male,67,31,21.06,Month-to-Month,Debit Card,No
40448,Female,42,33,87.35,Month-to-Month,UPI,Yes
36172,Male,52,44,62.37,Month-to-Month,Net Banking,No
52874,Male,69,71,71.09,Month-to-Month,Debit Card,Yes
17657,Female,49,8,41.41,One Year,Credit Card,Yes
94386,Male,66,2,75.18,Month-to-Month,UPI,Yes
35425,Female,31,17,117.92,Month-to-Month,Net Banking,No
36685,Female,18,52,27.34,One Year,Credit Card,No
34578,Male,34,45,48.39,One Year,Debit Card,No
38831,Male,42,37,44.3,One Year,UPI,No
17906,Male,25,42,44.85,Month-to-Month,Credit Card,No
71413,Male,22,44,57.87,One Year,Net Banking,Yes
64028,Male,22,38,101.81,Month-to-Month,Credit Card,No
17287,Male,58,6,111.29,Month-to-Month,UPI,Yes
43660,Female,52,68,40.22,One Year,Net Banking,Yes
85758,Female,36,51,74.29,Two Year,Net Banking,No
70504,Male,40,35,83.69,Month-to-Month,Credit Card,No
69720,Female,26,58,72.18,Month-to-Month,UPI,No
44701,Female,47,57,63.41,Month-to-Month,Net Banking,No
93300,Male,67,6,39.2,Month-to-Month,UPI,Yes
27674,Male,33,13,68.82,Two Year,Debit Card,No
93560,Female,50,59,60.12,Month-to-Month,Credit Card,No
33874,Male,19,30,99.56,One Year,UPI,Yes
53642,Female,31,2,96.36,One Year,Debit Card,Yes
75160,Male,63,58,33.4,Month-to-Month,Debit Card,No
27602,Female,18,36,28.85,Month-to-Month,UPI,Yes
98801,Female,43,45,110.82,Month-to-Month,UPI,No
35931,Female,42,9,73.55,Month-to-Month,Credit Card,Yes
39192,Female,33,65,105.78,Month-to-Month,Credit Card,Yes
56542,Male,32,50,25.82,Month-to-Month,Net Banking,No
52520,Male,43,32,72.65,One Year,Credit Card,No
74772,Female,64,43,73.94,Month-to-Month,UPI,Yes
68762,Female,61,54,106.07,One Year,Net Banking,No
60106,Male,33,47,29.76,Month-to-Month,Debit Card,Yes
91121,Male,31,14,44.04,One Year,Debit Card,Yes
35559,Female,46,48,60.65,Two Year,UPI,Yes
43742,Female,41,55,106.58,Month-to-Month,Net Banking,No
79669,Female,64,29,113.89,Two Year,Net Banking,No
90199,Female,32,47,119.27,One Year,Credit Card,No
31754,Female,36,63,115.92,One Year,Debit Card,Yes
13972,Male,25,19,20.59,One Year,Debit Card,No
80831,Female,51,9,24.77,Month-to-Month,Credit Card,Yes
51873,Male,19,37,34.76,Month-to-Month,Debit Card,Yes
19903,Male,44,52,54.89,Month-to-Month,Credit Card,Yes
13020,Male,27,57,102.99,Month-to-Month,Debit Card,Yes
51755,Female,52,28,109.27,Two Year,Debit Card,No
95956,Male,40,36,38.68,One Year,Debit Card,Yes
96988,Male,66,64,81.97,Month-to-Month,Credit Card,Yes
55648,Male,25,18,111.74,One Year,Debit Card,No
19516,Male,45,35,66.37,One Year,Debit Card,Yes
12396,Female,40,68,30.35,Month-to-Month,Net Banking,No
94082,Female,21,39,65.78,Month-to-Month,Debit Card,No
29129,Male,31,8,57.58,Month-to-Month,UPI,No
11591,Male,59,15,77.77,Two Year,Debit Card,No
21303,Female,46,7,63.87,One Year,Debit Card,No
40561,Female,18,17,21.73,Month-to-Month,Net Banking,Yes
81719,Female,21,64,119.4,Month-to-Month,Net Banking,No
96231,Male,49,12,74.35,One Year,Credit Card,No
17314,Female,50,56,67.36,Two Year,Credit Card,No
29623,Male,66,46,115.46,One Year,UPI,No
77675,Male,43,47,35.59,One Year,Net Banking,Yes
75082,Female,34,16,38.92,Month-to-Month,Credit Card,Yes
93624,Male,56,69,100.8,Month-to-Month,Credit Card,Yes
43130,Female,40,2,46.08,Month-to-Month,Credit Card,No
61756,Male,49,54,99.92,One Year,Net Banking,No
36292,Female,69,27,47.15,Month-to-Month,Net Banking,No
96206,Male,32,31,23.32,One Year,UPI,Yes
79274,Male,30,41,71.7,Month-to-Month,Net Banking,Yes
12469,Female,19,36,39.67,One Year,Net Banking,No
63947,Female,36,47,95.78,Month-to-Month,Net Banking,No
32534,Female,41,43,84.12,Month-to-Month,UPI,Yes
73620,Female,62,65,112.36,One Year,Debit Card,Yes
58874,Male,41,50,98.3,Month-to-Month,Debit Card,No
59708,Female,28,1,38.08,Two Year,Credit Card,Yes
84553,Female,39,57,100.02,Month-to-Month,Debit Card,No
78344,Male,32,16,84.17,Month-to-Month,Debit Card,No
59138,Female,27,28,86.9,One Year,UPI,No
64302,Female,58,22,103.23,Two Year,UPI,No
57638,Male,44,41,77.38,Month-to-Month,Debit Card,No
88249,Female,26,19,66.6,Two Year,Debit Card,Yes
12719,Female,69,50,83.66,Month-to-Month,Debit Card,No
32890,Female,45,59,49.8,Month-to-Month,Credit Card,No
87236,Female,18,69,38.26,Month-to-Month,UPI,No
46509,Female,34,34,81.66,Month-to-Month,Debit Card,No
52534,Female,48,39,43.38,Month-to-Month,Net Banking,Yes
28787,Male,61,7,27.99,Month-to-Month,Debit Card,Yes
58845,Female,27,52,20.06,Month-to-Month,Net Banking,No
67932,Male,54,60,80.83,One Year,Credit Card,No
43062,Male,46,52,56.21,Month-to-Month,Net Banking,No
85713,Male,35,24,95.23,Two Year,UPI,No
97263,Male,64,26,57.52,One Year,Credit Card,No
70461,Female,55,10,68.6,Month-to-Month,Credit Card,No
85418,Female,56,17,60.71,Month-to-Month,Debit Card,Yes
76672,Female,66,2,85.06,Month-to-Month,Credit Card,Yes
44832,Male,23,27,55.61,One Year,Credit Card,No
41966,Female,57,71,116.38,Month-to-Month,Net Banking,Yes
82545,Female,29,48,113.61,Month-to-Month,Debit Card,No
22987,Female,31,9,104.8,Two Year,UPI,Yes
47311,Male,61,23,112.03,One Year,Debit Card,No
41575,Male,27,71,64.91,Month-to-Month,UPI,No
73852,Female,37,27,73.64,Month-to-Month,Net Banking,No
11007,Male,32,71,94.21,Two Year,Credit Card,No
80981,Male,48,43,89.61,Two Year,Credit Card,Yes
86242,Female,24,7,109.07,Month-to-Month,Debit Card,Yes
57517,Male,58,63,91.63,Month-to-Month,Debit Card,No
39257,Male,27,44,119.79,One Year,Debit Card,No
97272,Female,27,39,54.85,One Year,Credit Card,No
52207,Male,65,40,103.3,One Year,Credit Card,No
23281,Male,56,7,89.76,Month-to-Month,Net Banking,Yes
71246,Male,45,70,89.14,Two Year,UPI,Yes
11435,Male,47,25,52.58,Month-to-Month,Debit Card,No
36660,Male,54,59,98.56,Month-to-Month,Credit Card,No
15084,Male,20,13,110.04,One Year,UPI,No
92197,Male,67,62,41.85,Month-to-Month,Debit Card,No
23507,Male,60,8,82.55,Two Year,Debit Card,Yes
82595,Female,32,45,59.21,Month-to-Month,UPI,No
93807,Female,38,18,118.95,One Year,UPI,Yes
55539,Female,69,60,67.88,Month-to-Month,UPI,No
17491,Female,54,60,42.83,One Year,Credit Card,Yes
60192,Male,29,2,58.19,Month-to-Month,Net Banking,Yes
90395,Female,21,66,85.38,One Year,Debit Card,No
73888,Female,64,14,27.61,One Year,Debit Card,No
83609,Male,26,48,80.36,Month-to-Month,UPI,No
19077,Male,56,56,113.12,Month-to-Month,Credit Card,Yes
30953,Male,59,12,105.04,Month-to-Month,UPI,Yes
86919,Male,45,55,26.77,One Year,Credit Card,Yes
77889,Male,40,28,119.34,Month-to-Month,Net Banking,No
33821,Female,62,4,89.87,Month-to-Month,Debit Card,Yes
47567,Male,57,36,36.23,Month-to-Month,Debit Card,No
34860,Female,61,50,21.24,Two Year,Credit Card,No
31195,Female,39,3,37.13,Month-to-Month,Net Banking,No
87475,Male,41,1,103.82,Month-to-Month,Net Banking,Yes
97266,Female,68,17,22.16,One Year,Debit Card,Yes
31427,Female,43,71,43.31,One Year,Debit Card,Yes
37083,Male,47,62,95.73,Month-to-Month,UPI,No
97046,Female,50,48,78.61,Two Year,Credit Card,No
67372,Female,33,62,98.27,One Year,Debit Card,No
54064,Female,39,69,94.62,Month-to-Month,Net Banking,No
17813,Male,66,19,25.06,Month-to-Month,Net Banking,Yes
41598,Male,67,34,109.25,Two Year,Debit Card,No
37082,Male,60,49,42.7,Month-to-Month,Net Banking,No
39241,Female,35,47,75.34,Month-to-Month,Credit Card,No
54569,Male,24,50,84.43,Month-to-Month,Net Banking,No
21745,Female,67,26,36.86,One Year,Net Banking,Yes
36029,Male,43,56,117.62,Month-to-Month,Debit Card,Yes
23025,Female,25,14,68.82,One Year,Credit Card,Yes
24288,Male,23,25,25.76,Month-to-Month,Credit Card,Yes
99186,Male,47,4,113.73,One Year,UPI,Yes
16540,Female,56,32,78.63,One Year,Credit Card,No
91958,Male,40,65,89.92,Month-to-Month,UPI,No
78878,Female,49,61,72.52,One Year,Debit Card,No
51846,Male,39,20,103.47,Month-to-Month,Net Banking,No
85932,Male,59,10,23.31,One Year,Credit Card,Yes
27482,Female,60,34,46.84,Month-to-Month,UPI,No
33411,Female,62,61,66.96,Month-to-Month,Credit Card,No
60975,Female,26,27,27.66,Two Year,Debit Card,Yes
70545,Male,48,40,90.59,Two Year,UPI,No
88797,Female,24,65,59.37,Month-to-Month,UPI,No
62307,Male,26,33,47.27,Month-to-Month,UPI,No
13093,Female,30,68,20.34,Month-to-Month,Debit Card,No
87258,Female,20,71,91.98,Two Year,UPI,Yes
32042,Female,52,9,103.38,Month-to-Month,Net Banking,Yes
62930,Female,50,16,59.5,Month-to-Month,Debit Card,Yes
54413,Female,38,5,76.42,Month-to-Month,Net Banking,Yes
43756,Female,48,23,42.77,Two Year,Net Banking,No
63268,Male,69,43,82.22,Month-to-Month,Debit Card,No
49214,Female,51,57,21.21,Month-to-Month,Credit Card,No
91871,Male,49,51,68.86,Month-to-Month,Net Banking,No
38602,Female,52,13,84.42,Month-to-Month,Debit Card,No
63331,Female,32,24,111.82,One Year,Net Banking,No
58901,Female,49,11,58.13,Two Year,UPI,No
73416,Male,23,52,96.52,Two Year,Net Banking,No
42196,Male,62,17,79.77,Month-to-Month,Net Banking,No
15626,Female,38,37,112.7,One Year,Net Banking,No
17424,Male,50,13,59.84,Month-to-Month,UPI,No
22857,Female,49,62,51.91,Month-to-Month,Net Banking,Yes
29982,Female,69,8,108.71,Two Year,Debit Card,Yes
86961,Male,36,56,24.92,Month-to-Month,Net Banking,No
11980,Male,50,70,33.64,Month-to-Month,Debit Card,No
58290,Male,45,44,28.24,Two Year,Net Banking,No
36431,Male,48,60,104.31,Month-to-Month,Net Banking,No
94976,Female,38,41,21.06,One Year,Net Banking,Yes
92711,Male,51,21,106.17,Two Year,Credit Card,No
36385,Male,32,42,65.13,Month-to-Month,Credit Card,No
48158,Female,31,29,20.4,Month-to-Month,UPI,No
33019,Male,36,65,60.16,Month-to-Month,Debit Card,No
28639,Male,60,17,38.68,Month-to-Month,UPI,Yes
95530,Male,32,30,82.44,Month-to-Month,Debit Card,No
31563,Male,23,26,87.94,One Year,UPI,No
49341,Female,69,53,68.75,Month-to-Month,UPI,No
15776,Female,26,19,24.05,Month-to-Month,Net Banking,No
46444,Male,54,53,85.61,Month-to-Month,Net Banking,No
78916,Male,37,17,104.2,Month-to-Month,Net Banking,No
18711,Female,51,46,92.03,Two Year,Net Banking,No
84318,Male,55,53,103.0,Month-to-Month,Net Banking,Yes
92970,Male,43,64,40.05,One Year,UPI,No
95553,Male,35,45,108.89,Month-to-Month,Debit Card,Yes
40707,Male,45,49,52.22,Month-to-Month,Credit Card,No
49110,Male,68,19,21.34,Month-to-Month,Credit Card,No
71788,Male,26,71,104.34,Month-to-Month,Debit Card,No
92879,Male,49,65,114.18,One Year,Credit Card,Yes
48827,Male,23,37,85.56,Month-to-Month,UPI,Yes
15655,Male,31,70,43.14,Two Year,Debit Card,Yes
54859,Female,45,26,45.17,Month-to-Month,Debit Card,Yes
63625,Female,41,2,66.66,Two Year,Credit Card,Yes
62098,Female,30,59,109.78,Month-to-Month,Credit Card,No
25251,Male,60,5,34.96,Month-to-Month,UPI,No
10526,Male,29,37,102.6,Month-to-Month,Net Banking,No
78760,Female,68,31,49.13,Month-to-Month,Debit Card,Yes
57837,Male,36,48,100.86,Two Year,Net Banking,No
21536,Female,38,6,112.03,Month-to-Month,Credit Card,Yes
38541,Male,44,15,62.75,Month-to-Month,Debit Card,Yes
89083,Female,36,15,56.51,Month-to-Month,Net Banking,No
61027,Female,41,61,100.22,Month-to-Month,UPI,Yes
44531,Female,43,16,72.95,One Year,UPI,No
18712,Male,62,20,88.44,One Year,UPI,No
75455,Female,45,44,82.28,One Year,Debit Card,No
84744,Male,63,42,35.29,Month-to-Month,Debit Card,No
15109,Male,35,46,104.48,Two Year,Debit Card,Yes
59268,Male,61,34,39.58,One Year,Debit Card,No
64615,Male,53,64,113.23,Month-to-Month,Debit Card,Yes
92503,Male,59,29,45.06,Month-to-Month,Net Banking,Yes
39759,Male,46,3,93.39,Two Year,Net Banking,Yes
95708,Male,34,9,48.47,Month-to-Month,UPI,No
70112,Female,21,25,51.78,One Year,Net Banking,No
36589,Female,61,42,51.0,Month-to-Month,Net Banking,No
40015,Female,62,46,94.79,Month-to-Month,UPI,No
39009,Male,46,59,75.68,One Year,UPI,No
93309,Male,21,21,108.3,One Year,Credit Card,No
72046,Male,27,22,50.74,Month-to-Month,UPI,No
36143,Male,42,29,89.2,One Year,Net Banking,No
16154,Female,48,63,95.29,Month-to-Month,Debit Card,No
31804,Male,20,61,35.15,One Year,UPI,No
51688,Female,64,64,60.06,Two Year,Credit Card,No
74288,Male,19,69,68.28,Two Year,Net Banking,No
61195,Female,42,40,55.57,Month-to-Month,Credit Card,Yes
30581,Male,66,1,52.21,Month-to-Month,Credit Card,Yes
62648,Female,23,65,88.64,One Year,Net Banking,No
40087,Male,43,62,41.59,Month-to-Month,Credit Card,No
59930,Female,25,54,90.94,Month-to-Month,Net Banking,No
42981,Male,52,60,113.5,Two Year,Credit Card,No
79298,Female,44,46,76.52,Month-to-Month,Debit Card,Yes
56167,Female,42,5,81.14,Month-to-Month,UPI,Yes
85304,Male,35,22,26.89,Month-to-Month,Debit Card,No
53408,Female,18,53,106.45,Month-to-Month,Debit Card,No
49499,Male,65,70,48.54,Month-to-Month,Credit Card,Yes
62269,Male,56,32,81.51,Two Year,UPI,No
48559,Male,20,11,117.91,Month-to-Month,UPI,Yes
84319,Female,21,10,79.55,Month-to-Month,UPI,Yes
58787,Female,58,39,92.47,One Year,Credit Card,No
45488,Male,54,31,64.53,One Year,Debit Card,No
84441,Male,68,12,26.04,One Year,Net Banking,No
84663,Female,32,38,99.76,Month-to-Month,Net Banking,No
32431,Female,25,67,23.5,One Year,Net Banking,Yes
71681,Female,55,66,90.07,Month-to-Month,UPI,No
73483,Male,67,52,22.29,Month-to-Month,Net Banking,Yes
59153,Male,36,5,106.23,Month-to-Month,Debit Card,Yes
16368,Male,64,11,35.76,Month-to-Month,Net Banking,No
37424,Male,43,25,71.43,Month-to-Month,UPI,No
55004,Male,56,35,79.72,One Year,UPI,No
93869,Female,27,35,65.75,Month-to-Month,Net Banking,Yes
98652,Male,55,22,54.08,One Year,UPI,No
66985,Female,31,37,66.78,Month-to-Month,Net Banking,No
60069,Female,66,55,51.14,Month-to-Month,UPI,Yes
62326,Male,58,64,63.81,Month-to-Month,Credit Card,No
91061,Female,36,20,55.89,Two Year,Credit Card,Yes
33398,Male,47,4,76.62,Two Year,Debit Card,Yes
60861,Female,22,18,43.79,Two Year,Credit Card,No
85897,Male,48,51,118.87,One Year,Net Banking,No
91905,Male,24,68,70.09,One Year,UPI,Yes
78577,Female,36,20,39.42,One Year,Debit Card,No
75641,Male,48,9,67.71,One Year,Net Banking,Yes
19078,Female,69,26,106.64,Month-to-Month,Net Banking,No
35003,Male,56,25,22.18,Month-to-Month,Debit Card,Yes
72768,Male,41,68,87.96,Month-to-Month,Debit Card,No
61047,Male,51,41,74.8,Month-to-Month,Net Banking,Yes
81626,Female,40,59,36.96,Month-to-Month,UPI,No
67660,Female,65,45,101.75,Month-to-Month,Net Banking,No
59786,Male,62,41,56.89,Month-to-Month,UPI,Yes
11925,Female,57,38,49.38,Month-to-Month,Debit Card,Yes
93976,Male,23,19,102.81,Two Year,Net Banking,No
36015,Female,55,14,83.85,Month-to-Month,Credit Card,Yes
43320,Female,58,21,109.83,Month-to-Month,Net Banking,No
74881,Male,53,15,82.99,Two Year,UPI,No
36289,Male,44,3,94.08,Month-to-Month,Net Banking,Yes
13389,Male,28,37,103.64,Month-to-Month,UPI,No
35683,Male,22,46,25.47,Month-to-Month,Credit Card,No
23629,Male,34,16,97.6,Month-to-Month,Debit Card,No
71550,Female,69,14,81.37,Month-to-Month,Credit Card,No
34826,Female,24,9,26.95,Month-to-Month,UPI,No
36630,Male,44,7,70.86,Month-to-Month,Debit Card,Yes
56163,Male,64,14,28.25,One Year,Debit Card,No
76435,Male,32,6,93.59,Month-to-Month,Net Banking,Yes
21653,Female,63,15,74.65,One Year,Credit Card,No
37961,Male,30,52,115.36,Month-to-Month,UPI,No
91941,Male,28,34,38.31,Month-to-Month,UPI,No
84137,Female,62,1,80.6,One Year,Debit Card,Yes
43662,Female,43,69,41.16,Month-to-Month,Net Banking,No
66446,Female,39,20,81.41,Two Year,UPI,No
31288,Female,45,7,92.26,Month-to-Month,Net Banking,Yes
46877,Male,41,7,92.23,One Year,Debit Card,Yes
25313,Female,46,50,101.51,Month-to-Month,Debit Card,No
90885,Female,26,2,105.36,Month-to-Month,Debit Card,Yes
82715,Male,59,47,27.73,One Year,Net Banking,No
20326,Male,21,14,54.33,One Year,UPI,No
11560,Male,66,31,88.71,Month-to-Month,Credit Card,No
89148,Female,63,50,69.86,Two Year,Net Banking,No
93186,Male,35,61,39.07,Month-to-Month,Debit Card,No
36745,Female,60,41,75.27,Month-to-Month,Credit Card,Yes
41890,Female,33,14,60.74,Month-to-Month,Credit Card,No
30022,Female,50,5,59.0,One Year,Credit Card,No
62579,Male,46,5,100.98,Two Year,Credit Card,Yes
80316,Female,56,64,60.76,Month-to-Month,Credit Card,No
93847,Male,27,29,22.65,Month-to-Month,Debit Card,Yes
38380,Male,26,5,25.81,One Year,UPI,Yes
12356,Male,48,36,105.62,Month-to-Month,Credit Card,Yes
80326,Female,45,19,116.06,Month-to-Month,UPI,No
99899,Female,20,64,88.84,Month-to-Month,UPI,Yes
30049,Female,31,22,56.44,Month-to-Month,Net Banking,No
85717,Male,42,34,113.86,Month-to-Month,Debit Card,No
26082,Female,32,56,86.28,Month-to-Month,Credit Card,No
10661,Female,19,17,104.43,One Year,UPI,No
47412,Female,41,56,96.59,One Year,Net Banking,No
12920,Female,31,17,57.91,Month-to-Month,UPI,No
70315,Female,65,18,67.87,Month-to-Month,Credit Card,No
89561,Male,24,45,38.61,Month-to-Month,Debit Card,Yes
18946,Male,53,56,49.2,Month-to-Month,Debit Card,No
55500,Male,67,50,97.81,One Year,Credit Card,No
26309,Male,41,58,109.4,Two Year,UPI,No
65230,Female,44,18,92.45,One Year,Net Banking,No
40027,Male,54,7,66.52,One Year,Debit Card,No
82541,Female,55,10,28.65,Month-to-Month,Debit Card,Yes
69321,Male,47,69,25.69,Month-to-Month,UPI,No
10956,Male,44,3,57.43,Two Year,UPI,No
84131,Male,56,44,66.38,Two Year,UPI,No
57908,Female,32,70,80.91,Month-to-Month,Net Banking,No
88339,Female,43,14,20.65,Month-to-Month,UPI,No
35963,Male,18,4,118.97,One Year,Net Banking,Yes
49443,Female,21,18,56.39,Month-to-Month,Credit Card,No
49063,Male,46,52,104.81,One Year,Net Banking,No
90818,Male,18,38,73.5,One Year,UPI,No
14703,Male,60,20,33.04,Month-to-Month,Net Banking,No
75128,Female,67,44,99.76,Two Year,Net Banking,Yes
82099,Male,63,51,90.98,Two Year,Net Banking,No
35849,Male,39,19,72.74,Two Year,Debit Card,No
41860,Male,28,68,71.46,Month-to-Month,UPI,No
41585,Female,27,66,28.75,Month-to-Month,Net Banking,No
32015,Male,34,13,85.58,Month-to-Month,UPI,No
87539,Female,53,62,111.12,Month-to-Month,Credit Card,No
53585,Male,64,61,29.32,Month-to-Month,Net Banking,Yes
36958,Female,43,30,46.35,Month-to-Month,Net Banking,No
36017,Male,65,30,110.23,One Year,Credit Card,No
86707,Male,38,51,48.43,Month-to-Month,UPI,No
55350,Female,30,48,85.39,Month-to-Month,Credit Card,No
22201,Female,26,33,73.48,Month-to-Month,Credit Card,No
39426,Male,28,19,79.63,One Year,Credit Card,No
27778,Female,28,71,61.58,One Year,Credit Card,Yes
55241,Male,23,57,50.0,Month-to-Month,UPI,No
52229,Male,18,19,24.85,Two Year,Net Banking,No
96652,Male,23,41,94.43,Month-to-Month,Credit Card,No
58364,Female,30,42,94.61,Month-to-Month,Credit Card,No
94878,Male,39,52,87.07,One Year,Debit Card,Yes
67056,Female,48,4,84.36,One Year,UPI,Yes
37490,Male,39,4,44.37,Month-to-Month,Credit Card,Yes
29975,Female,54,5,22.23,Two Year,Debit Card,Yes
36723,Female,64,41,100.87,Two Year,Credit Card,No
33279,Male,44,61,69.11,Month-to-Month,UPI,Yes
88301,Female,67,55,50.68,Month-to-Month,Debit Card,No
21561,Male,69,13,30.19,Month-to-Month,Debit Card,Yes
76061,Male,31,14,26.27,Month-to-Month,UPI,No
98397,Male,64,60,54.89,Month-to-Month,Debit Card,No
59153,Male,22,25,100.47,One Year,Debit Card,No
43142,Male,53,44,111.87,Month-to-Month,Credit Card,No
36916,Female,49,10,109.68,One Year,Debit Card,Yes
74324,Male,51,71,112.0,Month-to-Month,Net Banking,Yes
54965,Female,24,50,110.77,Month-to-Month,UPI,No
14648,Female,59,44,72.72,Month-to-Month,Credit Card,No
45133,Male,65,14,41.94,Month-to-Month,Debit Card,Yes
60677,Female,27,15,99.8,Month-to-Month,Net Banking,No
80135,Male,67,16,41.37,One Year,Credit Card,Yes
45046,Female,34,2,46.72,One Year,UPI,No
57064,Female,47,30,43.33,Month-to-Month,Debit Card,Yes
79350,Female,38,30,71.5,One Year,UPI,Yes
55893,Male,30,31,52.18,Month-to-Month,UPI,No
71272,Female,18,20,35.42,Month-to-Month,Debit Card,No
77649,Male,18,49,65.32,Month-to-Month,Debit Card,No
74674,Female,64,35,107.39,One Year,Credit Card,Yes
23760,Female,50,23,77.06,Month-to-Month,UPI,No
31927,Female,55,61,107.83,Month-to-Month,Debit Card,No
96475,Female,42,55,39.59,Month-to-Month,UPI,No
71367,Male,43,67,36.7,Two Year,Debit Card,No
22588,Male,30,8,77.56,One Year,UPI,Yes
62233,Female,45,40,66.33,One Year,Credit Card,Yes
54738,Female,50,59,86.02,One Year,UPI,No
43397,Male,54,32,99.46,Month-to-Month,Debit Card,Yes
92189,Male,58,7,95.13,One Year,Net Banking,Yes
86367,Male,47,2,114.23,One Year,Credit Card,Yes
81260,Male,66,6,59.83,Month-to-Month,Credit Card,No
86619,Female,65,36,40.64,Month-to-Month,Net Banking,Yes
29816,Female,25,32,75.09,Month-to-Month,Debit Card,No
52240,Male,66,45,31.07,Month-to-Month,Credit Card,Yes
16276,Male,64,42,48.89,Two Year,Net Banking,No
89530,Male,18,53,40.79,Month-to-Month,Net Banking,Yes
33499,Male,29,9,59.66,Month-to-Month,UPI,No
98576,Male,22,49,31.12,Two Year,UPI,No
92495,Male,41,2,23.18,Month-to-Month,Debit Card,No
81635,Female,23,67,85.68,Month-to-Month,Net Banking,Yes
95112,Female,42,11,81.02,Two Year,UPI,Yes
45946,Female,18,50,90.84,Month-to-Month,Debit Card,No
65204,Male,42,35,86.04,One Year,Credit Card,Yes
61886,Male,18,15,31.43,Month-to-Month,UPI,Yes
81652,Male,49,31,49.11,Month-to-Month,Debit Card,No
25563,Female,59,62,32.95,Month-to-Month,UPI,Yes
19847,Male,59,28,104.3,Month-to-Month,Credit Card,Yes
36155,Male,20,25,94.69,Two Year,Credit Card,No
89671,Female,66,25,40.15,Two Year,UPI,No
93310,Male,36,1,54.13,Two Year,Credit Card,Yes
77278,Female,60,59,116.66,Month-to-Month,Debit Card,No
28309,Female,46,69,79.42,Two Year,UPI,No
10619,Male,67,42,100.12,One Year,UPI,No
93194,Female,19,34,46.46,Month-to-Month,Credit Card,Yes
60108,Male,26,66,41.01,One Year,Debit Card,No
44707,Female,34,18,98.39,Month-to-Month,UPI,No
30337,Male,63,5,88.59,Month-to-Month,UPI,Yes
91537,Female,53,20,88.1,One Year,Credit Card,Yes
76504,Male,34,66,75.26,One Year,Credit Card,Yes
57614,Female,66,62,76.36,Month-to-Month,Debit Card,No
10281,Female,29,32,93.57,Month-to-Month,Debit Card,No
37420,Female,37,58,47.0,Two Year,Credit Card,No
90896,Male,67,50,55.28,One Year,Debit Card,No
49030,Male,20,38,107.16,Month-to-Month,Net Banking,No
11058,Female,60,55,50.89,Month-to-Month,Net Banking,No
96213,Male,67,28,74.63,Month-to-Month,Credit Card,Yes
86260,Female,21,22,90.26,Two Year,UPI,No
38404,Male,34,43,119.99,Month-to-Month,Credit Card,No
39856,Female,67,36,63.53,Month-to-Month,Credit Card,No
19200,Male,54,52,62.81,Month-to-Month,Credit Card,No
74178,Female,63,36,104.26,Two Year,UPI,No
43997,Female,59,28,100.55,One Year,Net Banking,No
35611,Female,32,58,93.11,One Year,Debit Card,Yes
51235,Female,50,36,66.32,Month-to-Month,Net Banking,No
45057,Male,33,70,52.39,Month-to-Month,Debit Card,No
11239,Female,28,9,80.87,Two Year,Debit Card,Yes
75661,Male,37,21,107.62,Two Year,Credit Card,No
55272,Male,55,64,108.38,Two Year,Credit Card,Yes
99393,Female,41,61,30.85,Two Year,Debit Card,No
71212,Male,33,40,62.84,One Year,UPI,No
25398,Male,47,56,66.47,One Year,UPI,No
66503,Male,51,4,117.76,One Year,UPI,Yes
16638,Female,18,31,87.8,One Year,UPI,No
16570,Male,41,27,60.72,Month-to-Month,Credit Card,No
78785,Male,41,58,22.61,Month-to-Month,Net Banking,Yes
19110,Female,26,25,76.54,Two Year,Net Banking,No
89141,Female,39,69,29.61,Month-to-Month,Debit Card,Yes
22115,Male,29,70,103.44,Two Year,UPI,Yes
49062,Female,34,5,95.25,Month-to-Month,Credit Card,Yes
32911,Male,42,8,66.05,Month-to-Month,Credit Card,Yes
42556,Male,45,9,62.92,Month-to-Month,Credit Card,No
88131,Male,32,15,109.73,Month-to-Month,Debit Card,No
11969,Female,47,7,48.85,Month-to-Month,Credit Card,Yes
53753,Male,68,15,44.9,Month-to-Month,Debit Card,No
92811,Female,44,37,113.92,One Year,Debit Card,Yes
14470,Female,39,39,100.92,Month-to-Month,Debit Card,No
20225,Male,27,6,102.06,Month-to-Month,Debit Card,Yes
33196,Female,48,57,39.52,Month-to-Month,Credit Card,Yes
23669,Female,44,19,34.33,One Year,Credit Card,No
47380,Female,29,63,22.6,One Year,Net Banking,No
58320,Female,63,31,43.7,One Year,Credit Card,No
57414,Female,48,10,97.42,Month-to-Month,UPI,Yes
25577,Male,49,67,44.0,Month-to-Month,UPI,No
98009,Female,49,62,92.91,One Year,Debit Card,No
65409,Male,58,3,45.19,One Year,Debit Card,Yes
38625,Male,62,18,59.53,Month-to-Month,Debit Card,Yes
91040,Male,52,25,118.32,Month-to-Month,Net Banking,No
34089,Male,63,20,44.48,Month-to-Month,Debit Card,Yes
46487,Male,38,58,57.64,Month-to-Month,Net Banking,Yes
75838,Male,27,50,50.11,One Year,Debit Card,No
60138,Female,33,10,30.96,Month-to-Month,UPI,No
52823,Female,24,21,68.99,Month-to-Month,Debit Card,Yes
47208,Female,21,29,57.87,Month-to-Month,Credit Card,Yes
64061,Male,44,10,89.49,Two Year,Debit Card,Yes
40659,Female,69,13,101.76,One Year,Credit Card,Yes
41890,Female,42,47,74.42,Two Year,Credit Card,No
89134,Female,48,23,23.22,Month-to-Month,Credit Card,No
57055,Male,28,50,81.89,One Year,Credit Card,No
29508,Female,65,4,25.54,Month-to-Month,Net Banking,Yes
52287,Male,37,67,81.64,Month-to-Month,Net Banking,No
88916,Female,53,53,88.5,Month-to-Month,Debit Card,Yes
36984,Male,34,2,39.78,Month-to-Month,Debit Card,No
18125,Male,62,68,101.93,Month-to-Month,Net Banking,No
46059,Male,28,65,111.11,One Year,Debit Card,Yes
79569,Female,47,57,101.31,Month-to-Month,Debit Card,No
27087,Female,52,70,50.51,Month-to-Month,Net Banking,No
15704,Male,58,7,78.66,Month-to-Month,Net Banking,Yes
70576,Female,55,19,111.48,Month-to-Month,Debit Card,Yes
83384,Male,39,44,52.07,Month-to-Month,Net Banking,Yes
97128,Male,60,63,102.0,Month-to-Month,UPI,No
82460,Female,65,65,20.95,Month-to-Month,Credit Card,No
37208,Female,68,39,20.36,Month-to-Month,Credit Card,No
95150,Female,44,26,95.97,Month-to-Month,UPI,Yes
76024,Male,54,44,96.14,Month-to-Month,UPI,Yes
49882,Male,63,12,98.9,Month-to-Month,Debit Card,No
35923,Female,66,22,113.0,Month-to-Month,Debit Card,No
39165,Male,52,14,31.79,Month-to-Month,Credit Card,No
77203,Female,21,30,43.2,One Year,Debit Card,No
14114,Male,33,44,110.37,Month-to-Month,Credit Card,No
74965,Female,33,38,37.72,Month-to-Month,Debit Card,Yes
46321,Female,38,59,88.22,Two Year,Debit Card,No
83297,Male,43,42,73.05,One Year,Credit Card,No
35426,Female,53,52,28.32,Two Year,UPI,Yes
27772,Female,36,63,48.53,One Year,UPI,No
13712,Male,34,61,72.04,Month-to-Month,Debit Card,Yes
11367,Female,62,34,105.24,Month-to-Month,UPI,No
61924,Male,43,39,90.75,One Year,Debit Card,No
13726,Female,39,41,82.19,Two Year,Net Banking,No
99152,Male,45,37,69.6,One Year,Net Banking,No
37723,Female,18,65,49.87,Two Year,Net Banking,No
19108,Female,61,32,31.92,Month-to-Month,UPI,No
87714,Female,53,8,60.91,Month-to-Month,UPI,Yes
45643,Female,60,18,22.85,Two Year,Credit Card,No
41324,Male,54,45,41.11,One Year,UPI,Yes
93360,Male,19,33,63.25,Two Year,Debit Card,No
18927,Male,34,5,61.86,One Year,Credit Card,Yes
32443,Male,57,36,24.43,Month-to-Month,UPI,Yes
89973,Male,55,23,78.91,Month-to-Month,Credit Card,Yes
73449,Male,38,40,74.97,Two Year,UPI,No
86743,Male,26,5,27.81,Month-to-Month,Debit Card,No
70233,Female,30,34,114.32,Month-to-Month,Net Banking,Yes
35537,Female,28,24,29.94,Month-to-Month,Net Banking,Yes
87576,Female,33,17,105.48,Month-to-Month,Debit Card,No
32612,Female,33,71,20.03,Month-to-Month,Credit Card,Yes
16471,Male,19,22,108.23,One Year,Net Banking,No
45631,Male,59,15,21.97,Month-to-Month,UPI,Yes
41348,Male,61,15,95.78,Month-to-Month,UPI,No
74732,Female,25,25,56.17,One Year,Credit Card,Yes
11177,Male,60,53,93.82,Month-to-Month,Credit Card,No
14760,Female,59,21,60.17,One Year,Debit Card,No
42779,Male,30,66,27.09,Month-to-Month,Net Banking,Yes
31636,Male,34,32,96.75,Two Year,Credit Card,No
91889,Male,56,21,27.13,Month-to-Month,Net Banking,No
63551,Male,41,68,112.21,Month-to-Month,Net Banking,Yes
21556,Female,20,44,25.1,Two Year,UPI,No
37598,Female,47,66,67.93,One Year,Credit Card,No
21563,Male,69,14,92.3,Month-to-Month,Debit Card,No
56819,Female,30,15,59.32,Two Year,Credit Card,Yes
83770,Male,36,20,41.72,Month-to-Month,Net Banking,Yes
36966,Male,24,34,95.91,Two Year,UPI,Yes
91709,Male,26,36,98.43,Month-to-Month,Credit Card,No
69889,Male,36,9,112.27,Month-to-Month,Credit Card,Yes
36987,Female,62,71,57.62,Month-to-Month,Credit Card,No
88714,Male,57,30,70.63,Month-to-Month,Debit Card,No
68348,Male,39,63,56.31,Month-to-Month,Debit Card,Yes
34596,Female,35,35,45.71,Month-to-Month,Debit Card,No
43174,Male,40,13,95.1,Month-to-Month,Debit Card,Yes
74106,Female,19,46,53.97,Month-to-Month,UPI,No
79967,Male,67,56,62.81,Month-to-Month,UPI,No
69182,Male,67,9,60.37,Two Year,Debit Card,No
97163,Male,28,36,91.27,Month-to-Month,Net Banking,Yes
49310,Male,48,3,111.78,One Year,Debit Card,Yes
66088,Male,50,19,86.68,Two Year,Debit Card,No
18906,Male,31,28,67.16,One Year,Net Banking,No
46914,Female,33,23,97.92,Two Year,Credit Card,No
55379,Male,28,7,84.1,Month-to-Month,Net Banking,Yes
88612,Female,50,14,26.06,Month-to-Month,Net Banking,No
47650,Female,24,46,29.57,Month-to-Month,UPI,No
56881,Male,48,15,23.79,Month-to-Month,Credit Card,Yes
56413,Female,65,67,65.68,Two Year,Net Banking,Yes
16012,Male,63,15,102.59,Month-to-Month,Debit Card,No
60115,Female,64,51,51.31,Month-to-Month,Net Banking,No
17151,Male,31,8,58.42,One Year,UPI,Yes
67716,Female,45,69,110.95,Month-to-Month,Net Banking,Yes
46378,Female,60,62,103.69,Month-to-Month,Debit Card,Yes
52652,Male,33,51,86.5,Month-to-Month,Credit Card,No
82430,Female,36,63,46.68,Two Year,UPI,No
23467,Male,34,68,31.7,One Year,Credit Card,No
41010,Male,43,16,21.61,Month-to-Month,UPI,Yes
64691,Male,23,24,30.7,Month-to-Month,Debit Card,No
74157,Male,60,6,49.26,Month-to-Month,UPI,Yes
22289,Male,66,57,75.18,Month-to-Month,Credit Card,No
54976,Female,26,31,26.4,One Year,Credit Card,Yes
53596,Female,67,6,33.62,Month-to-Month,Net Banking,No
33171,Female,34,29,38.11,Month-to-Month,Credit Card,No
96365,Male,48,67,83.2,Two Year,Net Banking,No
54139,Female,29,3,81.58,One Year,Credit Card,Yes
58713,Female,40,28,75.08,One Year,Net Banking,No
39734,Female,22,48,45.05,Month-to-Month,Debit Card,No
82588,Female,60,10,57.11,Month-to-Month,Net Banking,Yes
73646,Female,53,33,29.67,Month-to-Month,Credit Card,Yes
13654,Male,53,67,42.65,One Year,Debit Card,No
99022,Male,20,69,109.77,Month-to-Month,UPI,Yes
28743,Female,41,12,117.97,One Year,Credit Card,No
58368,Male,34,57,84.77,Two Year,Net Banking,Yes
84172,Male,56,44,111.68,Month-to-Month,UPI,No
16441,Female,43,13,84.27,Month-to-Month,Net Banking,No
34611,Female,21,24,23.32,One Year,UPI,Yes
22149,Male,62,44,119.68,Two Year,Debit Card,No
69189,Female,29,57,29.9,Two Year,Credit Card,No
31675,Male,18,16,88.26,Month-to-Month,Debit Card,Yes
81031,Male,38,21,45.28,Month-to-Month,Credit Card,No
52668,Female,36,51,59.2,One Year,UPI,No
23673,Male,38,21,84.59,One Year,Debit Card,Yes
86666,Male,69,60,63.65,Month-to-Month,Credit Card,No
98204,Male,35,51,45.05,Month-to-Month,UPI,No
90758,Female,60,21,53.44,One Year,Debit Card,Yes
75429,Female,69,6,54.15,Month-to-Month,Debit Card,No
33669,Female,20,65,115.93,Two Year,Debit Card,No
44068,Female,66,58,99.86,Month-to-Month,Debit Card,No
98789,Male,61,6,65.85,One Year,Net Banking,Yes
19435,Female,49,65,39.98,One Year,UPI,No
62249,Female,27,34,101.1,Month-to-Month,Net Banking,No
47384,Female,57,56,35.72,One Year,UPI,No
91929,Female,32,3,41.05,One Year,UPI,Yes
86153,Male,22,42,56.6,Two Year,UPI,Yes
85388,Male,21,62,108.03,Month-to-Month,Credit Card,No
41401,Male,45,6,33.18,One Year,UPI,Yes
81831,Female,69,6,32.22,One Year,Debit Card,No
44084,Female,68,63,69.4,Month-to-Month,Net Banking,No
65826,Male,21,20,47.64,Two Year,Debit Card,No
46451,Female,32,21,76.87,Month-to-Month,Debit Card,No
17227,Female,34,2,65.16,Month-to-Month,Net Banking,Yes
41910,Male,61,56,63.5,Month-to-Month,Debit Card,No
46041,Male,20,10,31.2,Month-to-Month,Credit Card,No
98920,Female,27,70,34.1,Two Year,Debit Card,No
75681,Female,64,23,102.11,One Year,Debit Card,Yes
91571,Female,59,30,108.59,Month-to-Month,Net Banking,No
75481,Male,40,37,43.47,One Year,Debit Card,No
78576,Male,35,55,31.35,Month-to-Month,Net Banking,Yes
74174,Male,18,49,25.34,Month-to-Month,UPI,No
36160,Male,52,34,80.83,Month-to-Month,UPI,No
27633,Female,48,44,91.54,Month-to-Month,Credit Card,No
27014,Male,61,22,57.28,Month-to-Month,Net Banking,No
90532,Male,18,31,87.97,One Year,Net Banking,No
59104,Female,20,7,91.3,Month-to-Month,Net Banking,Yes
51621,Female,20,21,113.53,Month-to-Month,Credit Card,No
87231,Female,54,16,26.49,Month-to-Month,Credit Card,Yes
78388,Male,36,20,39.23,Month-to-Month,Debit Card,No
26014,Female,46,43,26.85,Two Year,Net Banking,No
43755,Female,42,44,106.8,Month-to-Month,Credit Card,No
50390,Male,50,47,99.26,Two Year,UPI,No
33711,Male,53,19,77.46,Month-to-Month,UPI,Yes
67993,Female,46,48,28.37,One Year,Net Banking,No
84696,Male,43,69,47.33,Month-to-Month,UPI,No
37213,Female,21,11,49.77,Two Year,Debit Card,No
67784,Female,66,29,76.07,Month-to-Month,Debit Card,Yes
17421,Male,31,45,45.8,Month-to-Month,Net Banking,No
96936,Female,67,68,27.3,Two Year,Credit Card,Yes
27727,Male,44,36,93.08,Two Year,Credit Card,No
14358,Male,50,48,49.91,Month-to-Month,Credit Card,No
75108,Male,39,15,65.24,Two Year,Credit Card,No
42117,Female,65,44,32.77,One Year,Net Banking,Yes
98700,Male,20,67,100.25,Month-to-Month,Debit Card,Yes
41910,Male,40,40,76.55,Month-to-Month,Net Banking,No
65754,Female,38,14,110.16,Month-to-Month,Net Banking,No
72438,Female,58,63,69.55,Month-to-Month,UPI,No
39371,Female,40,51,114.14,One Year,Debit Card,No
61501,Female,21,58,109.19,Month-to-Month,Credit Card,No
70946,Male,38,15,77.65,Month-to-Month,Debit Card,Yes
48467,Male,54,65,113.39,Two Year,UPI,No
27625,Male,60,55,52.31,Month-to-Month,Net Banking,No
43893,Female,48,10,56.56,Two Year,Debit Card,No
86329,Female,38,42,24.55,Two Year,UPI,No
41007,Male,43,11,78.92,Two Year,Net Banking,Yes
49532,Female,58,16,92.19,One Year,Credit Card,Yes
64253,Female,52,19,97.35,Month-to-Month,Debit Card,No
22323,Male,55,31,34.98,Month-to-Month,Credit Card,Yes
83379,Male,41,53,64.42,Month-to-Month,Credit Card,No
24210,Female,28,8,37.69,Month-to-Month,UPI,No
26456,Female,58,24,86.21,One Year,UPI,No
41367,Female,46,8,35.79,Month-to-Month,Net Banking,No
64624,Male,64,48,110.42,Two Year,Credit Card,Yes
20106,Male,20,30,43.06,Two Year,UPI,No
78008,Male,18,58,49.14,Month-to-Month,UPI,Yes
82240,Male,69,55,105.09,Month-to-Month,Credit Card,Yes
74315,Male,36,62,65.85,Month-to-Month,Net Banking,Yes
79249,Female,63,48,22.4,Two Year,Credit Card,Yes
80587,Female,66,4,69.46,One Year,Net Banking,No
20756,Female,39,37,28.45,Month-to-Month,Net Banking,No
78011,Male,31,8,118.53,Month-to-Month,UPI,Yes
46378,Male,66,1,78.81,Month-to-Month,Credit Card,Yes
14255,Male,31,70,45.65,Two Year,Credit Card,Yes
24484,Female,61,47,76.37,Month-to-Month,UPI,Yes
66549,Male,33,5,27.69,Month-to-Month,Debit Card,No
44503,Male,50,50,99.99,Two Year,Debit Card,No
83794,Female,30,24,112.53,Two Year,Credit Card,No
55113,Male,55,47,107.44,Two Year,UPI,Yes
84069,Female,66,18,54.18,Month-to-Month,Net Banking,No
15249,Male,29,28,52.58,One Year,Net Banking,Yes
29201,Male,68,5,23.51,Month-to-Month,Credit Card,Yes
68576,Female,55,30,85.14,Month-to-Month,UPI,Yes
19686,Female,56,1,73.49,Month-to-Month,Credit Card,Yes
63363,Female,50,46,65.93,Month-to-Month,Credit Card,No
10661,Female,50,69,110.76,Month-to-Month,UPI,No
54843,Female,46,31,36.79,Two Year,Credit Card,No
70963,Female,22,70,20.97,Month-to-Month,Net Banking,No
52828,Male,23,56,27.33,Two Year,Debit Card,No
58604,Male,48,28,42.34,Month-to-Month,Net Banking,No
20526,Female,33,16,23.33,Month-to-Month,Debit Card,No
78910,Male,48,54,70.28,One Year,UPI,No
35592,Female,42,53,51.41,One Year,Credit Card,No
38982,Male,65,12,38.05,Month-to-Month,Debit Card,No
10207,Female,63,20,95.01,Two Year,UPI,No
98733,Male,50,34,40.45,Month-to-Month,UPI,Yes
78619,Male,30,53,88.76,Two Year,UPI,No
39328,Male,69,64,54.93,Month-to-Month,Net Banking,Yes
56479,Male,27,23,71.18,Two Year,Net Banking,No
30103,Male,41,27,113.39,Month-to-Month,Debit Card,Yes
49891,Female,27,17,23.74,One Year,Debit Card,Yes
20754,Female,58,48,70.03,One Year,Net Banking,Yes
91437,Female,48,21,105.44,Month-to-Month,Debit Card,No
82982,Male,30,50,78.8,Two Year,Debit Card,Yes
65922,Female,20,40,47.69,Month-to-Month,Credit Card,Yes
58231,Male,67,3,59.77,Month-to-Month,Debit Card,Yes
39301,Male,69,17,88.03,One Year,UPI,No
72711,Male,51,61,109.08,Month-to-Month,Credit Card,No
51323,Female,66,50,24.11,Month-to-Month,Debit Card,Yes
28752,Male,45,6,27.15,Month-to-Month,Credit Card,Yes
92205,Female,36,28,52.51,One Year,UPI,No
23395,Female,40,55,43.28,Month-to-Month,Debit Card,No
95957,Male,62,58,46.49,Month-to-Month,Credit Card,Yes
66273,Male,49,45,42.13,One Year,Debit Card,No
14895,Female,30,19,39.58,Two Year,Credit Card,No
86559,Female,50,29,33.06,Two Year,Credit Card,No
20699,Female,51,23,113.4,One Year,UPI,No
75061,Female,50,32,34.42,One Year,UPI,Yes
19715,Female,22,10,40.44,Month-to-Month,Debit Card,Yes
29169,Female,20,49,44.63,Month-to-Month,Net Banking,No
26163,Male,24,65,113.3,One Year,Debit Card,No
15782,Female,41,29,95.57,Two Year,Credit Card,Yes
98177,Female,39,59,98.97,One Year,UPI,No
94328,Female,62,45,30.48,Month-to-Month,UPI,No
45585,Female,40,67,103.63,Month-to-Month,Credit Card,Yes
40682,Male,47,51,60.82,One Year,Net Banking,No
57864,Male,35,11,46.28,One Year,UPI,Yes
94416,Female,49,6,77.58,One Year,Net Banking,Yes
65114,Female,24,67,102.22,Month-to-Month,UPI,Yes
48067,Female,50,62,97.87,Month-to-Month,Credit Card,No
52685,Male,22,5,109.0,Two Year,Debit Card,Yes
28073,Male,66,9,112.81,One Year,Debit Card,Yes
46035,Male,45,28,43.81,Month-to-Month,Net Banking,No
74977,Male,25,38,62.39,Month-to-Month,Debit Card,No
93362,Male,32,43,21.46,Two Year,Credit Card,No
75450,Male,69,21,107.93,Two Year,Debit Card,No
20382,Female,21,62,35.46,Month-to-Month,Net Banking,No
14437,Male,51,46,106.15,Month-to-Month,Credit Card,No
80971,Male,22,70,52.94,Month-to-Month,Credit Card,No
74612,Female,50,38,56.81,Month-to-Month,UPI,No
71929,Male,22,49,23.91,One Year,UPI,Yes
22329,Female,55,39,52.69,Month-to-Month,Debit Card,Yes
35169,Male,51,71,108.84,One Year,Net Banking,No
97468,Female,43,30,22.55,One Year,Credit Card,No
44594,Female,18,21,60.63,Month-to-Month,Debit Card,No
86957,Female,21,1,23.14,Month-to-Month,Debit Card,No
70631,Female,56,32,57.09,Month-to-Month,UPI,Yes
55033,Female,43,8,37.26,Month-to-Month,Debit Card,No
73133,Male,50,69,45.22,Month-to-Month,Debit Card,No
83165,Male,50,30,107.76,One Year,UPI,No
83861,Female,25,8,63.6,One Year,Debit Card,No
62290,Female,37,19,47.38,One Year,Debit Card,No
41750,Female,33,59,78.93,One Year,Credit Card,No
50461,Male,38,55,34.21,One Year,Debit Card,No
83800,Female,62,30,45.94,One Year,UPI,No
88222,Female,43,36,74.62,Month-to-Month,UPI,No
34226,Female,40,55,43.75,Two Year,Credit Card,No
16721,Female,35,44,87.91,Month-to-Month,UPI,No
66154,Male,48,27,69.15,Month-to-Month,UPI,No
30609,Female,69,54,97.2,Month-to-Month,UPI,No
62130,Female,59,48,114.82,Two Year,Debit Card,No
82909,Male,29,30,31.58,Two Year,Credit Card,Yes
65249,Female,18,39,53.47,One Year,Net Banking,No
58895,Female,59,13,51.95,One Year,Credit Card,Yes
15656,Male,26,16,35.12,Month-to-Month,Credit Card,No
84520,Male,20,44,101.03,Two Year,Credit Card,No
73740,Male,68,71,95.99,One Year,Net Banking,Yes
74309,Female,43,27,68.44,Two Year,Net Banking,Yes
39984,Female,26,45,73.78,Month-to-Month,UPI,No
83822,Male,59,35,25.95,Month-to-Month,Debit Card,No
15901,Male,68,28,75.55,Two Year,UPI,No
41552,Male,33,7,99.13,Month-to-Month,UPI,Yes
41055,Female,41,62,77.38,Two Year,Net Banking,Yes
47685,Female,67,51,46.53,Month-to-Month,UPI,Yes
83965,Male,31,46,86.75,Two Year,UPI,No
24716,Female,20,20,56.15,Month-to-Month,Net Banking,Yes
21138,Male,51,38,74.49,One Year,Credit Card,No
45298,Female,50,61,68.76,Month-to-Month,Credit Card,No
61112,Female,67,32,58.12,One Year,Net Banking,No
33429,Female,41,26,91.89,Month-to-Month,Debit Card,Yes
60200,Female,26,58,108.39,Two Year,UPI,No
81308,Male,30,39,20.52,One Year,Credit Card,No
58244,Female,19,20,113.36,Month-to-Month,Net Banking,No
27347,Female,24,50,71.15,Two Year,Debit Card,No
26920,Male,65,52,90.07,Month-to-Month,UPI,No
41822,Female,38,22,105.56,Month-to-Month,Net Banking,Yes
56659,Male,36,53,66.71,Month-to-Month,Net Banking,No
50108,Male,42,66,103.5,Two Year,Net Banking,No
99099,Female,64,43,37.76,Month-to-Month,UPI,No
17967,Female,39,23,35.92,Month-to-Month,Credit Card,Yes
21871,Male,28,64,85.75,Two Year,UPI,Yes
87452,Male,50,9,107.01,One Year,UPI,Yes
84270,Male,49,7,109.24,Month-to-Month,Credit Card,Yes
43613,Female,38,41,84.37,One Year,Net Banking,Yes
38179,Male,56,54,72.55,Two Year,Debit Card,No
62188,Male,37,65,53.14,Month-to-Month,Debit Card,No
65099,Male,25,2,118.0,One Year,Credit Card,Yes
45262,Female,59,4,51.97,Month-to-Month,Credit Card,No
88213,Male,54,32,94.42,One Year,Net Banking,No
28268,Female,26,2,73.2,Month-to-Month,Debit Card,Yes
87866,Female,42,64,80.85,One Year,Debit Card,No
96269,Male,42,14,59.35,Month-to-Month,Net Banking,Yes
70545,Female,50,20,116.48,One Year,Credit Card,No
82146,Male,19,49,77.17,Month-to-Month,Credit Card,Yes
81966,Female,36,8,113.78,Month-to-Month,Net Banking,Yes
49922,Female,63,63,20.76,Month-to-Month,Credit Card,No
89364,Male,37,46,77.27,One Year,UPI,Yes
52913,Male,59,21,91.72,Month-to-Month,Credit Card,No
65677,Male,58,32,94.51,Month-to-Month,UPI,Yes
59841,Female,59,8,110.5,Month-to-Month,Debit Card,Yes
56332,Female,46,16,20.44,One Year,Debit Card,No
35032,Male,23,40,20.03,Month-to-Month,Credit Card,No
47846,Male,34,27,67.23,One Year,Net Banking,Yes
69474,Female,42,18,22.93,Month-to-Month,Credit Card,No
54936,Female,55,35,117.45,Month-to-Month,Net Banking,Yes
39794,Female,21,52,42.21,Month-to-Month,Debit Card,Yes
71588,Male,47,15,67.27,Two Year,Debit Card,Yes
80984,Female,37,63,26.11,Month-to-Month,Debit Card,Yes
60331,Male,20,53,72.2,Month-to-Month,Net Banking,Yes
38141,Female,40,66,58.0,Month-to-Month,Net Banking,No
19074,Female,68,31,24.47,One Year,Debit Card,No
16406,Male,35,61,53.51,Month-to-Month,Credit Card,No
33291,Male,43,64,59.14,One Year,Net Banking,No
51568,Male,53,34,118.99,Month-to-Month,UPI,No
56851,Female,25,55,40.79,Month-to-Month,Debit Card,Yes
64823,Female,34,59,74.48,Month-to-Month,Net Banking,Yes
33312,Female,48,3,118.73,One Year,Debit Card,Yes
53108,Male,54,17,99.2,One Year,UPI,No
76918,Female,62,46,119.34,Month-to-Month,Credit Card,Yes
44171,Male,50,38,116.83,Two Year,UPI,No
51779,Male,44,35,68.95,Month-to-Month,Credit Card,No
78828,Male,62,1,89.64,One Year,Credit Card,Yes
22411,Female,21,29,31.04,Month-to-Month,Net Banking,No
67009,Female,39,4,64.11,Month-to-Month,Credit Card,Yes
25422,Male,43,61,100.9,One Year,Credit Card,Yes
52468,Female,49,17,70.53,One Year,Credit Card,No
42371,Male,41,28,90.27,Month-to-Month,Debit Card,Yes
67022,Male,63,50,94.58,Month-to-Month,Net Banking,Yes
81229,Female,52,8,45.35,Month-to-Month,Net Banking,No
61196,Male,54,34,107.57,One Year,Credit Card,No
90354,Male,49,59,65.98,Month-to-Month,Debit Card,No
36715,Female,24,18,41.02,One Year,Credit Card,No
37605,Male,50,59,106.54,Month-to-Month,Net Banking,No
41174,Male,48,27,61.78,Month-to-Month,Net Banking,No
19956,Male,29,16,95.03,Month-to-Month,Net Banking,Yes
86373,Male,28,10,74.8,Month-to-Month,Net Banking,Yes
79252,Male,41,22,58.19,Month-to-Month,Debit Card,No
71949,Male,25,16,100.99,Month-to-Month,UPI,No
72646,Male,49,12,78.45,One Year,UPI,No
80017,Female,55,51,59.06,Month-to-Month,Debit Card,No
73037,Female,39,1,30.96,One Year,Credit Card,No
99818,Male,51,27,109.54,Month-to-Month,Net Banking,Yes
16548,Male,36,67,23.55,Two Year,Net Banking,No
83294,Female,69,12,106.32,Two Year,Net Banking,No
33177,Female,37,30,56.0,Two Year,Debit Card,Yes
34022,Female,31,9,83.93,One Year,Debit Card,Yes
15542,Female,50,53,112.22,Month-to-Month,Net Banking,No
70428,Female,27,61,35.17,One Year,Net Banking,No
32740,Male,33,54,76.7,Two Year,Credit Card,No
69353,Female,21,37,96.44,Month-to-Month,UPI,No
66532,Female,44,65,95.76,Month-to-Month,Debit Card,No
26052,Female,45,42,72.56,Month-to-Month,UPI,No
57076,Male,60,49,82.47,Month-to-Month,Net Banking,Yes
63420,Male,33,4,95.75,Month-to-Month,UPI,Yes
10671,Male,69,64,104.1,Month-to-Month,UPI,No
10163,Male,50,51,96.18,Month-to-Month,Debit Card,No
51424,Male,65,60,55.4,Two Year,Debit Card,No
63744,Male,36,31,119.67,Month-to-Month,Credit Card,No
80331,Female,38,58,63.45,One Year,Net Banking,No
20634,Male,39,4,22.45,Month-to-Month,Credit Card,Yes
14798,Male,26,22,56.26,Month-to-Month,Debit Card,Yes
32420,Female,26,3,32.78,Month-to-Month,Credit Card,No
39300,Male,26,47,32.14,Month-to-Month,UPI,Yes
99881,Female,44,38,48.15,Month-to-Month,UPI,No
20749,Female,34,33,25.34,Month-to-Month,Debit Card,No
35121,Male,61,48,88.85,Month-to-Month,UPI,No
47487,Female,62,65,27.4,One Year,Net Banking,No
43361,Female,25,26,40.33,Month-to-Month,Debit Card,No
31223,Female,33,8,29.29,Month-to-Month,Net Banking,No
82930,Female,35,50,26.32,One Year,Debit Card,Yes
24056,Male,50,38,46.78,Month-to-Month,Debit Card,No
38380,Female,18,10,77.19,Month-to-Month,UPI,Yes
36035,Male,29,42,116.47,Month-to-Month,Debit Card,No
40620,Female,23,37,107.56,Month-to-Month,Debit Card,No
29877,Female,58,26,107.59,Month-to-Month,Credit Card,Yes
65316,Female,22,12,37.61,Month-to-Month,UPI,No
74041,Male,33,49,46.49,Month-to-Month,Net Banking,Yes
63352,Male,35,14,27.64,One Year,Debit Card,No
40911,Male,66,46,97.85,Month-to-Month,Net Banking,No
42784,Female,35,35,26.98,Month-to-Month,Credit Card,No
13191,Female,18,29,75.67,Two Year,Debit Card,Yes
43160,Female,36,12,44.79,One Year,Net Banking,Yes
74641,Female,25,44,44.34,Month-to-Month,UPI,No
59723,Male,20,66,119.07,Two Year,Credit Card,No
13631,Female,42,2,95.68,Month-to-Month,Credit Card,Yes
16172,Male,22,59,103.69,Month-to-Month,Net Banking,No
52080,Female,57,17,77.2,Two Year,Debit Card,No
99097,Male,36,10,107.1,Two Year,Debit Card,Yes
30281,Male,35,18,84.55,Month-to-Month,UPI,No
38671,Female,67,22,114.62,One Year,UPI,No
61431,Female,48,58,48.13,One Year,Debit Card,No
38602,Male,50,53,79.53,Month-to-Month,Credit Card,No
98789,Female,64,1,89.01,Month-to-Month,UPI,Yes
61399,Female,35,61,59.29,Month-to-Month,UPI,No
33472,Male,56,31,107.97,Two Year,Credit Card,No
59230,Male,33,31,117.98,Month-to-Month,Debit Card,Yes
83616,Male,33,66,69.38,One Year,Net Banking,Yes
17099,Male,64,19,59.06,Month-to-Month,UPI,No
35431,Female,55,53,67.19,Month-to-Month,Credit Card,No
66492,Male,58,22,105.27,One Year,UPI,No
57684,Male,24,23,84.55,One Year,Credit Card,No
40111,Male,31,15,24.48,Month-to-Month,UPI,Yes
73936,Female,60,26,74.22,Month-to-Month,Debit Card,Yes
32614,Male,65,3,21.73,Month-to-Month,Credit Card,No
51991,Female,42,20,97.85,Month-to-Month,Net Banking,No
80476,Male,49,40,52.83,Month-to-Month,Net Banking,No
70920,Male,55,39,67.2,One Year,UPI,Yes
73530,Female,39,18,99.87,Month-to-Month,Net Banking,No
46224,Male,33,41,24.64,Month-to-Month,UPI,No
17788,Male,69,70,35.85,Month-to-Month,Credit Card,Yes
38082,Female,46,27,59.8,Two Year,Credit Card,No
99570,Male,33,15,42.99,Month-to-Month,Net Banking,No
86816,Male,29,37,53.79,One Year,Net Banking,Yes
93588,Male,34,58,119.82,Month-to-Month,Debit Card,No
26531,Male,54,5,102.54,Month-to-Month,Credit Card,Yes
98340,Female,44,7,108.39,Month-to-Month,Net Banking,Yes
54857,Male,42,41,113.71,Month-to-Month,Net Banking,Yes
20142,Female,30,10,54.09,One Year,Net Banking,No
58355,Male,25,62,49.71,Month-to-Month,UPI,No
19866,Female,22,26,43.41,One Year,Debit Card,No
80067,Male,29,68,103.01,Month-to-Month,Credit Card,No
74027,Female,58,24,87.96,Month-to-Month,Net Banking,No
67906,Male,20,41,43.62,Month-to-Month,Net Banking,No
38138,Female,52,65,57.7,One Year,Net Banking,No
39956,Female,50,17,70.67,One Year,UPI,No
86295,Male,39,24,72.81,One Year,Credit Card,Yes
15439,Female,67,27,108.87,Month-to-Month,Net Banking,No
57241,Male,61,7,58.06,One Year,Net Banking,No
52533,Male,26,12,110.85,Month-to-Month,UPI,No
38270,Male,58,3,64.14,One Year,UPI,Yes
88815,Male,35,10,94.64,Two Year,Debit Card,Yes
49279,Male,67,33,113.03,Month-to-Month,Debit Card,No
33888,Female,46,46,110.76,Month-to-Month,Credit Card,No
27630,Male,56,59,25.7,One Year,Debit Card,Yes
71063,Male,44,52,40.57,One Year,Credit Card,Yes
45144,Male,53,6,67.69,Month-to-Month,Debit Card,No
62161,Male,62,2,63.16,Two Year,Net Banking,No
87360,Male,34,29,84.09,One Year,Debit Card,No
60979,Male,51,40,114.47,Month-to-Month,Net Banking,No
16979,Female,63,61,31.24,Month-to-Month,Credit Card,Yes
36189,Female,20,68,65.19,One Year,Debit Card,No
52600,Male,22,68,39.24,Month-to-Month,Debit Card,No
69560,Female,31,29,109.41,Month-to-Month,Debit Card,No
88040,Male,20,62,116.46,Month-to-Month,Net Banking,No
71558,Male,40,60,67.87,One Year,Net Banking,No
96205,Male,56,41,30.4,One Year,Debit Card,No
16910,Male,47,65,98.53,Month-to-Month,Credit Card,No
67713,Male,67,64,89.71,One Year,Net Banking,No
56857,Female,62,63,55.47,Two Year,UPI,No
44964,Female,40,48,108.74,Month-to-Month,Credit Card,Yes
95667,Female,44,20,117.58,One Year,Credit Card,No
35227,Female,27,37,75.79,Two Year,Credit Card,No
15978,Male,42,64,76.57,One Year,Net Banking,No
97527,Female,30,5,49.75,One Year,Debit Card,No
27153,Male,33,34,78.45,Month-to-Month,Debit Card,No
69765,Female,58,39,63.96,Month-to-Month,UPI,No
49071,Female,51,67,50.22,Month-to-Month,Debit Card,Yes
79519,Female,54,62,26.72,One Year,UPI,No
19503,Female,39,24,45.27,Two Year,UPI,Yes
70703,Male,34,3,39.79,Month-to-Month,Debit Card,No
74379,Female,40,71,74.2,Month-to-Month,UPI,No
67866,Female,53,67,80.17,Month-to-Month,Credit Card,Yes
26905,Male,66,50,80.86,One Year,Credit Card,No
55838,Male,26,29,58.82,Month-to-Month,Credit Card,No
68279,Female,69,32,62.12,One Year,Net Banking,No
99489,Male,19,39,103.42,Month-to-Month,UPI,No
36806,Male,49,9,67.62,Month-to-Month,UPI,No
55000,Male,67,14,118.78,Month-to-Month,Credit Card,No
32168,Female,39,68,63.96,Two Year,Net Banking,Yes
80119,Male,60,64,84.96,Month-to-Month,Debit Card,No
48714,Female,30,20,25.04,Two Year,Credit Card,Yes
64093,Female,25,28,85.33,Month-to-Month,Net Banking,Yes
65419,Female,18,14,105.14,Month-to-Month,Debit Card,No
59145,Female,34,44,114.25,Month-to-Month,Net Banking,No
87425,Male,29,39,119.73,Two Year,Debit Card,No
87811,Female,21,28,48.22,One Year,UPI,No
12461,Male,30,64,77.54,Month-to-Month,UPI,No
24291,Female,48,32,65.07,One Year,Net Banking,Yes
56804,Male,58,9,76.38,Month-to-Month,Net Banking,Yes
86971,Female,24,28,35.75,Month-to-Month,Debit Card,Yes
74946,Male,40,17,105.61,Month-to-Month,Net Banking,No
94080,Female,41,55,110.96,One Year,Net Banking,No
71332,Female,22,10,64.97,Month-to-Month,Debit Card,No
87794,Male,22,6,48.04,Month-to-Month,Debit Card,No
40841,Female,34,48,34.08,Month-to-Month,UPI,No
58758,Female,47,67,88.38,Month-to-Month,Credit Card,Yes
86272,Female,26,41,51.22,Month-to-Month,Net Banking,No
47643,Male,23,60,110.95,Month-to-Month,Debit Card,No
60408,Female,42,42,87.1,Month-to-Month,UPI,No
53950,Female,36,71,84.57,Two Year,Credit Card,Yes
66849,Male,33,28,75.94,Month-to-Month,Net Banking,No
38044,Male,38,13,24.58,Month-to-Month,UPI,Yes
25997,Male,19,15,113.19,Month-to-Month,Credit Card,Yes
89751,Male,27,36,82.79,Month-to-Month,Net Banking,No
33911,Male,33,15,119.41,One Year,UPI,No
65533,Female,54,56,73.74,Month-to-Month,Net Banking,Yes
92566,Female,32,4,91.01,Two Year,Credit Card,Yes
24571,Female,30,52,25.62,One Year,Debit Card,No
67941,Male,30,10,83.17,One Year,UPI,Yes
68005,Female,49,45,96.46,Month-to-Month,Credit Card,No
96250,Male,62,29,97.85,Month-to-Month,Net Banking,Yes
68712,Male,64,53,97.01,Month-to-Month,Credit Card,Yes
53541,Female,63,29,42.63,Two Year,Credit Card,No
33387,Male,25,23,117.54,Month-to-Month,Debit Card,Yes
58908,Male,60,57,119.52,Month-to-Month,UPI,Yes
95457,Female,35,50,27.56,Month-to-Month,Credit Card,No
23057,Male,53,21,113.64,One Year,Debit Card,Yes
74028,Male,43,43,48.94,One Year,Debit Card,No
65731,Female,27,10,88.93,Month-to-Month,Debit Card,Yes
34858,Male,48,30,53.81,Month-to-Month,Net Banking,No
58689,Male,50,51,116.78,Month-to-Month,Debit Card,No
54638,Female,46,33,30.15,Month-to-Month,Debit Card,Yes
56486,Female,22,18,69.77,One Year,Debit Card,No
30567,Female,30,22,62.8,One Year,Debit Card,No
39739,Female,18,64,52.6,One Year,UPI,No
67804,Male,40,21,84.55,Month-to-Month,UPI,Yes
13754,Male,57,1,33.11,One Year,Debit Card,No
37044,Female,20,15,91.67,Two Year,Credit Card,No
77260,Male,20,36,118.06,Two Year,Net Banking,Yes
76912,Male,24,47,100.46,Two Year,Credit Card,Yes
18706,Female,53,54,106.0,Month-to-Month,Credit Card,Yes
18894,Female,52,32,55.96,One Year,Debit Card,No
28037,Male,32,58,52.49,Two Year,Credit Card,Yes
93986,Female,57,46,71.7,One Year,UPI,No
91942,Female,20,54,24.57,Month-to-Month,UPI,No
61612,Female,46,33,114.54,Two Year,Net Banking,No
39725,Male,47,39,34.38,Month-to-Month,UPI,No
15926,Female,56,23,110.3,Month-to-Month,UPI,No
19496,Male,35,43,28.36,Month-to-Month,Debit Card,No
66447,Male,28,55,102.26,One Year,UPI,No
39806,Male,60,2,35.2,Month-to-Month,Credit Card,No
98199,Female,66,66,23.81,Month-to-Month,Credit Card,Yes
51321,Female,55,38,91.95,One Year,UPI,Yes
75095,Female,57,29,48.03,One Year,Net Banking,Yes
32656,Female,18,67,91.45,One Year,Net Banking,No
65147,Female,46,71,75.51,Month-to-Month,Net Banking,Yes
59666,Male,27,36,30.88,One Year,UPI,No
92368,Male,45,29,113.21,Month-to-Month,Net Banking,No
48787,Male,48,37,65.23,Month-to-Month,UPI,Yes
72946,Female,36,45,93.44,Month-to-Month,Credit Card,No
31727,Male,20,16,70.1,One Year,Net Banking,No
78056,Male,53,31,80.44,Month-to-Month,Net Banking,No
13081,Female,60,34,50.28,Month-to-Month,Net Banking,No
44196,Female,32,50,40.04,Month-to-Month,Credit Card,No
46735,Male,50,65,74.26,Month-to-Month,UPI,Yes
90102,Male,58,62,64.02,Two Year,Credit Card,Yes
89578,Female,60,43,59.01,Two Year,Credit Card,No
35498,Female,68,56,87.26,Month-to-Month,Debit Card,No
86865,Female,62,15,89.05,Month-to-Month,Net Banking,Yes
41656,Female,43,48,24.59,Month-to-Month,UPI,Yes
77695,Male,33,49,53.87,One Year,UPI,No
47900,Male,53,44,61.18,Month-to-Month,Debit Card,No
94899,Female,50,10,29.69,Month-to-Month,Debit Card,No
57701,Male,37,20,43.59,Month-to-Month,Credit Card,No
29033,Male,30,70,25.16,Month-to-Month,Debit Card,Yes
20805,Female,50,8,119.62,Month-to-Month,UPI,Yes
45851,Male,22,45,93.66,Month-to-Month,UPI,Yes
36832,Male,54,34,28.75,Month-to-Month,UPI,No
73437,Male,31,51,22.02,Month-to-Month,Credit Card,No
23944,Female,44,4,91.93,Two Year,Net Banking,Yes
29873,Female,40,39,63.92,Month-to-Month,Net Banking,No
50372,Male,31,24,98.68,Month-to-Month,Credit Card,Yes
99464,Female,57,55,112.35,Two Year,UPI,No
25379,Female,21,26,79.93,Two Year,UPI,No
46751,Female,56,25,38.71,Month-to-Month,Credit Card,No
99822,Male,69,36,98.22,One Year,Credit Card,Yes
15110,Male,36,71,115.58,Month-to-Month,Debit Card,Yes
64341,Female,64,58,78.02,One Year,Credit Card,No
22087,Male,21,12,88.2,Two Year,Net Banking,No
33762,Male,47,1,53.75,Month-to-Month,Credit Card,Yes
92617,Male,36,50,58.15,Month-to-Month,UPI,No
19596,Male,48,25,93.47,Month-to-Month,UPI,Yes
28313,Male,48,5,112.78,One Year,UPI,Yes
76549,Female,26,68,82.9,Month-to-Month,Net Banking,Yes
33705,Male,30,6,98.98,One Year,Net Banking,Yes
77364,Male,31,26,37.16,Month-to-Month,Debit Card,No
83445,Male,63,55,41.2,Month-to-Month,Credit Card,No
88645,Female,27,39,73.2,Month-to-Month,Debit Card,Yes
12023,Female,65,9,37.66,Month-to-Month,Credit Card,No
69796,Female,48,45,83.5,Month-to-Month,Credit Card,No
90073,Male,54,14,49.17,Month-to-Month,Net Banking,No
74429,Female,40,55,99.15,One Year,UPI,No
71627,Female,44,9,100.81,One Year,Credit Card,Yes
43848,Female,23,15,66.38,One Year,Net Banking,No
47804,Female,43,37,38.08,Month-to-Month,Debit Card,No
25379,Male,19,50,84.68,Two Year,UPI,Yes
69664,Female,62,21,119.28,One Year,Debit Card,No
37766,Female,30,57,82.26,Month-to-Month,Debit Card,No
78099,Male,68,19,23.58,Month-to-Month,Net Banking,No
46060,Male,67,58,21.73,Month-to-Month,UPI,No
79122,Female,36,6,52.04,Two Year,Credit Card,No
26087,Male,18,4,39.58,Month-to-Month,Debit Card,No
58868,Female,57,43,101.31,Month-to-Month,Credit Card,No
33225,Male,49,42,104.48,Month-to-Month,UPI,No
16643,Male,39,3,45.86,One Year,Net Banking,No
46727,Female,65,1,52.56,Month-to-Month,Net Banking,Yes
21005,Male,46,55,43.62,Month-to-Month,Net Banking,Yes
75697,Female,19,15,110.84,Month-to-Month,Credit Card,No
26029,Male,57,47,70.26,Month-to-Month,Credit Card,Yes
24226,Female,55,46,85.61,Month-to-Month,UPI,No
73646,Male,65,58,61.55,Month-to-Month,Credit Card,No
70603,Male,28,71,83.1,One Year,Net Banking,No
38731,Male,34,39,58.59,One Year,Debit Card,No
78926,Male,68,3,53.97,One Year,Debit Card,No
15997,Male,60,30,83.45,Month-to-Month,Debit Card,No
65506,Female,25,35,79.11,One Year,Net Banking,No
88229,Male,39,57,49.35,Month-to-Month,Credit Card,No
59815,Female,21,29,34.93,Month-to-Month,Debit Card,No
52092,Female,28,50,56.86,Two Year,Credit Card,No
72539,Female,25,62,61.52,One Year,Credit Card,No
76077,Male,26,52,82.87,Month-to-Month,Net Banking,No
31817,Female,43,14,111.45,Two Year,Credit Card,Yes
47861,Male,19,35,23.62,Two Year,Credit Card,Yes
23428,Female,33,28,44.37,One Year,Net Banking,No
53934,Female,48,58,39.37,One Year,UPI,No
20258,Female,23,30,70.23,One Year,Debit Card,No
67775,Female,38,7,62.97,Month-to-Month,Debit Card,Yes
91580,Female,43,39,92.9,Month-to-Month,Credit Card,No
15469,Male,36,69,44.24,One Year,UPI,No
38854,Female,45,35,79.45,Month-to-Month,Net Banking,No
16256,Female,25,52,108.39,Month-to-Month,Credit Card,No
86256,Male,31,14,111.07,Month-to-Month,Net Banking,No
43937,Male,41,63,115.88,Month-to-Month,Debit Card,Yes
11651,Male,65,36,97.33,Two Year,Net Banking,No
60288,Female,61,24,110.6,One Year,Debit Card,No
94730,Female,54,40,43.45,Month-to-Month,Net Banking,No
35051,Female,43,29,39.76,Two Year,Net Banking,No
37386,Female,48,53,20.65,Two Year,UPI,No
85054,Female,68,22,90.68,Month-to-Month,Net Banking,Yes
26184,Female,49,15,113.75,Two Year,Credit Card,Yes
43787,Male,67,69,38.69,Month-to-Month,UPI,No
31621,Male,58,64,83.69,Month-to-Month,Credit Card,No
85564,Female,19,4,94.65,Month-to-Month,Net Banking,Yes
87984,Female,42,18,112.76,One Year,Net Banking,No
69792,Female,69,42,84.69,Month-to-Month,UPI,No
55253,Female,61,30,117.03,One Year,Debit Card,Yes
44051,Female,19,15,54.47,One Year,UPI,Yes
59811,Male,59,70,54.99,Month-to-Month,Debit Card,No
40447,Male,18,55,74.3,Month-to-Month,Debit Card,No
93930,Female,53,53,58.35,Month-to-Month,Net Banking,Yes
40254,Male,29,16,20.14,Month-to-Month,Credit Card,Yes
94045,Female,26,34,93.18,One Year,UPI,No
67418,Female,53,27,95.17,Month-to-Month,UPI,Yes
24472,Female,58,13,94.7,Month-to-Month,Net Banking,No
13471,Male,45,27,54.5,Month-to-Month,Net Banking,No
18329,Male,55,69,72.23,One Year,UPI,No
44865,Female,50,31,56.0,One Year,UPI,No
56850,Male,59,3,21.6,Two Year,Credit Card,No
64220,Male,63,30,76.24,One Year,Net Banking,Yes
16397,Female,39,21,32.38,Month-to-Month,Credit Card,No
45525,Male,42,6,28.0,Month-to-Month,Net Banking,No
63072,Male,35,32,95.55,One Year,Net Banking,No
93820,Female,23,42,20.95,Two Year,Credit Card,No
94530,Female,35,62,115.9,Month-to-Month,Debit Card,No
33284,Male,69,32,71.53,Month-to-Month,Debit Card,Yes
71330,Female,33,39,118.3,Month-to-Month,Debit Card,No
93369,Male,32,64,25.8,One Year,Net Banking,No
35122,Female,65,30,78.35,Month-to-Month,Credit Card,No
80553,Female,25,63,54.93,Month-to-Month,Debit Card,No
91906,Female,30,31,104.35,Two Year,UPI,No
72812,Female,60,40,56.12,Month-to-Month,Debit Card,Yes
17999,Male,24,33,46.05,Month-to-Month,Credit Card,Yes
32436,Female,34,63,105.76,Month-to-Month,Net Banking,Yes
52963,Female,67,25,57.47,Month-to-Month,Credit Card,No
12096,Female,49,36,21.68,Month-to-Month,Net Banking,No
35279,Male,39,24,59.03,Month-to-Month,Credit Card,No
36201,Male,68,58,85.45,Month-to-Month,Credit Card,No
29715,Female,30,39,45.44,One Year,UPI,No
39309,Female,64,46,63.2,One Year,Debit Card,No
25078,Female,40,10,25.67,Month-to-Month,Debit Card,No
66614,Female,46,32,78.81,Month-to-Month,Credit Card,No
15105,Female,39,36,95.63,One Year,Debit Card,No
12839,Female,18,28,61.33,Month-to-Month,UPI,No
78920,Male,46,16,62.02,Month-to-Month,Credit Card,Yes
53619,Female,65,16,28.83,Month-to-Month,Debit Card,No
52821,Female,22,18,40.19,One Year,Debit Card,No
23493,Female,52,8,35.47,Month-to-Month,Net Banking,No
27069,Female,27,70,68.17,One Year,Debit Card,No
17531,Female,36,1,72.93,One Year,Debit Card,Yes
47051,Female,54,62,114.89,Two Year,Net Banking,No
17736,Male,24,38,27.32,Month-to-Month,Credit Card,No
17710,Male,63,45,79.99,One Year,Credit Card,No
77155,Male,52,58,72.65,Month-to-Month,UPI,No
23975,Male,62,1,71.62,Month-to-Month,Net Banking,Yes
72424,Male,30,32,107.32,Month-to-Month,Credit Card,No
55603,Male,27,8,40.55,Month-to-Month,Debit Card,Yes
33252,Female,19,40,24.08,One Year,Debit Card,No
90797,Female,23,56,87.23,Month-to-Month,Debit Card,Yes
11431,Female,25,63,54.52,Month-to-Month,UPI,No
84603,Female,53,36,21.76,Month-to-Month,Credit Card,Yes
47481,Female,42,57,45.14,One Year,Net Banking,No
19557,Female,61,45,50.93,Month-to-Month,Credit Card,No
84971,Male,64,2,81.68,One Year,Net Banking,Yes
10162,Female,57,68,37.26,One Year,Net Banking,No
44742,Male,24,50,61.31,One Year,Credit Card,No
29675,Male,63,29,68.25,Month-to-Month,Debit Card,No
83997,Female,40,10,65.92,One Year,Debit Card,Yes
27015,Female,36,27,117.39,Month-to-Month,Net Banking,No
60057,Female,63,15,24.55,One Year,Debit Card,Yes
42591,Female,39,60,115.1,One Year,UPI,No
19833,Female,30,31,78.19,Month-to-Month,UPI,Yes
17896,Female,38,21,99.57,One Year,Net Banking,No
42972,Female,18,60,63.04,Month-to-Month,Debit Card,No
59733,Male,36,58,65.38,Month-to-Month,Net Banking,No
51800,Female,50,41,107.93,Month-to-Month,UPI,No
15347,Female,21,46,109.59,Two Year,UPI,No
69063,Male,59,45,43.87,Two Year,UPI,No
12643,Female,20,26,39.92,One Year,Credit Card,No
50785,Female,44,51,69.62,Two Year,UPI,No
28681,Male,69,36,110.03,Month-to-Month,Debit Card,No
60026,Female,58,52,52.24,Two Year,Credit Card,No
25892,Female,52,51,85.2,Month-to-Month,UPI,Yes
57299,Female,45,3,90.82,One Year,Debit Card,Yes
27073,Female,23,14,97.87,One Year,UPI,No
40682,Female,23,49,76.39,Month-to-Month,Debit Card,No
24289,Female,61,1,60.25,Month-to-Month,Debit Card,No
17927,Male,40,57,116.7,Month-to-Month,UPI,Yes
58330,Female,50,17,81.13,Two Year,UPI,Yes
76707,Female,33,50,92.86,Month-to-Month,Credit Card,Yes
87454,Male,41,14,54.5,Month-to-Month,UPI,No
75428,Male,22,59,86.99,One Year,Debit Card,No
60601,Female,58,3,45.78,Month-to-Month,Net Banking,No
87465,Male,59,40,44.51,Month-to-Month,Credit Card,No
12539,Female,30,66,91.47,One Year,Debit Card,No
32669,Female,64,34,72.14,Month-to-Month,Debit Card,No
80968,Male,29,9,88.33,One Year,Net Banking,Yes
30644,Female,22,21,46.94,Month-to-Month,UPI,No
28745,Female,54,25,79.87,Month-to-Month,Debit Card,No
38228,Male,48,44,64.39,Month-to-Month,Net Banking,No
44521,Male,45,25,79.7,Month-to-Month,Net Banking,Yes
36928,Male,45,9,49.09,Two Year,UPI,Yes
28322,Male,47,62,91.55,Two Year,Net Banking,No
67714,Female,35,26,100.59,Month-to-Month,Net Banking,No
97896,Male,61,57,45.99,Month-to-Month,Net Banking,Yes
72292,Male,44,37,50.06,Month-to-Month,Net Banking,No
39055,Male,52,16,86.12,Month-to-Month,Net Banking,No
52891,Male,43,37,89.56,Month-to-Month,Net Banking,No
91912,Male,56,24,90.41,One Year,Debit Card,No
16588,Female,66,26,88.27,Month-to-Month,Credit Card,No
16304,Male,68,20,59.28,Month-to-Month,UPI,Yes
17345,Female,35,9,59.49,Month-to-Month,Credit Card,Yes
39300,Male,50,29,45.48,Month-to-Month,UPI,Yes
34259,Male,42,31,35.68,One Year,Credit Card,No
98553,Male,48,19,89.26,Month-to-Month,UPI,No
25352,Male,54,20,29.32,Month-to-Month,Net Banking,No
43365,Male,19,27,113.78,Month-to-Month,Credit Card,No
29446,Male,50,44,102.67,Two Year,Credit Card,No
12336,Male,56,35,105.75,Month-to-Month,UPI,No
72032,Male,60,71,110.67,Two Year,UPI,Yes
85415,Female,60,22,60.86,Month-to-Month,Debit Card,No
17521,Male,49,15,104.67,Two Year,Net Banking,No
81707,Female,35,13,35.81,One Year,Net Banking,No
33481,Male,34,4,22.16,Month-to-Month,Debit Card,No
28474,Female,51,56,98.49,One Year,UPI,No
56760,Male,56,23,27.48,One Year,Net Banking,No
65718,Male,24,34,118.85,Month-to-Month,UPI,Yes
54629,Male,59,17,87.48,Month-to-Month,Net Banking,No
55232,Female,52,28,95.34,One Year,Credit Card,No
96544,Female,47,14,44.58,One Year,Credit Card,Yes
77169,Female,29,34,87.39,One Year,Net Banking,Yes
60669,Female,52,57,24.32,One Year,Net Banking,No
88021,Male,28,55,103.78,One Year,Net Banking,No
79184,Male,61,66,36.96,One Year,Debit Card,No
57945,Male,21,37,89.74,Month-to-Month,Net Banking,No
23140,Female,42,68,42.45,Month-to-Month,Debit Card,No
93457,Male,65,26,26.85,Two Year,Debit Card,No
24357,Female,49,61,68.15,Month-to-Month,Credit Card,No
78673,Female,37,67,36.93,Month-to-Month,Net Banking,No
75633,Female,67,52,92.94,One Year,Credit Card,No
86943,Female,48,18,43.76,Month-to-Month,Credit Card,No
88258,Female,21,53,54.25,Month-to-Month,Debit Card,Yes
22924,Male,55,63,76.74,Month-to-Month,UPI,No
79286,Female,64,53,48.5,One Year,Debit Card,No
84071,Female,18,27,57.8,Two Year,Credit Card,No
67326,Male,20,31,101.56,Month-to-Month,Debit Card,Yes
40651,Female,54,1,37.92,Month-to-Month,Debit Card,Yes
80202,Female,39,6,28.22,Month-to-Month,Debit Card,Yes
58777,Male,34,11,52.84,Month-to-Month,Net Banking,No
26994,Male,31,34,62.44,Month-to-Month,Debit Card,No
77263,Male,58,63,74.27,Month-to-Month,Credit Card,No
69634,Female,52,53,57.24,Month-to-Month,Debit Card,No
20800,Male,30,18,98.99,Month-to-Month,Net Banking,Yes
47823,Male,52,21,23.93,Month-to-Month,Credit Card,Yes
73878,Male,60,19,63.18,One Year,Debit Card,Yes
28708,Female,19,4,58.23,Two Year,Credit Card,No
22819,Male,64,29,84.76,Two Year,Net Banking,No
84905,Female,30,25,116.63,One Year,UPI,No
73870,Female,68,56,71.04,Month-to-Month,Net Banking,No
19283,Male,33,63,118.69,One Year,Net Banking,Yes
40573,Female,35,27,50.22,Month-to-Month,Credit Card,Yes
88707,Female,24,60,23.09,One Year,Credit Card,No
40933,Male,62,49,36.57,One Year,UPI,No
15774,Female,53,65,59.51,One Year,UPI,Yes
82055,Male,58,38,51.63,Two Year,UPI,Yes
20983,Female,47,52,29.71,One Year,Net Banking,No
28133,Female,59,1,63.27,One Year,Net Banking,No
24939,Male,58,40,53.81,Month-to-Month,UPI,Yes
10781,Male,24,21,32.26,Two Year,UPI,No
66700,Female,32,15,49.61,Month-to-Month,UPI,Yes
37624,Female,57,50,108.64,Two Year,Debit Card,No
16823,Male,36,48,50.2,Month-to-Month,Debit Card,Yes
28489,Female,60,32,91.4,Month-to-Month,UPI,Yes
49961,Female,54,49,81.2,One Year,Net Banking,No
39118,Female,19,68,62.72,Month-to-Month,Credit Card,Yes
91816,Female,59,45,43.9,One Year,Net Banking,No
32263,Male,65,32,56.9,Month-to-Month,Credit Card,No
23565,Male,30,4,79.21,Two Year,UPI,Yes
30354,Male,57,65,55.08,One Year,Debit Card,No
52951,Male,58,71,41.49,One Year,Debit Card,No
33648,Male,60,65,31.65,Month-to-Month,Credit Card,Yes
60729,Male,60,18,107.98,Month-to-Month,UPI,No
51971,Female,48,54,64.03,One Year,Debit Card,No
28658,Male,33,47,82.52,Month-to-Month,UPI,Yes
31253,Female,59,6,69.04,Month-to-Month,UPI,No
74166,Female,61,66,107.26,One Year,Credit Card,No
58563,Female,23,9,74.69,Month-to-Month,UPI,Yes
36390,Male,45,68,68.08,Month-to-Month,UPI,No
98664,Female,49,23,112.46,Month-to-Month,Credit Card,No
61578,Male,61,43,91.97,Month-to-Month,Debit Card,Yes
89025,Female,27,51,31.15,Two Year,Net Banking,Yes
42658,Female,67,25,37.77,Month-to-Month,UPI,No
16852,Male,35,35,98.71,Two Year,Credit Card,No
12551,Female,21,17,103.59,Month-to-Month,Debit Card,Yes
81947,Female,26,18,74.52,Month-to-Month,UPI,No
71001,Female,24,27,75.45,Month-to-Month,Net Banking,No
59159,Female,67,15,83.19,Month-to-Month,Debit Card,Yes
61707,Male,25,69,63.91,One Year,Credit Card,No
43243,Female,60,15,88.02,Two Year,UPI,No
31800,Female,24,42,30.85,Month-to-Month,Credit Card,No
85939,Male,58,34,116.13,One Year,Net Banking,No
67828,Female,57,48,95.02,Month-to-Month,Net Banking,No
17239,Female,20,8,83.12,Month-to-Month,Credit Card,Yes
16710,Female,34,10,51.63,Month-to-Month,UPI,No
31384,Female,19,5,36.1,Two Year,Credit Card,No
31038,Male,32,48,60.93,Month-to-Month,Debit Card,No
50846,Female,63,26,86.16,Two Year,Credit Card,No
97983,Male,46,23,83.37,Month-to-Month,Net Banking,No
77821,Female,67,62,58.26,Month-to-Month,UPI,Yes
47991,Female,65,13,81.33,Month-to-Month,UPI,No
89057,Female,69,9,101.37,One Year,Net Banking,Yes
16971,Male,39,20,22.63,One Year,Net Banking,No
39139,Female,21,57,65.06,Month-to-Month,Debit Card,No
95445,Female,69,24,95.86,Two Year,Net Banking,No
87067,Male,23,33,74.61,Month-to-Month,Net Banking,No
90257,Male,55,20,85.15,Two Year,Net Banking,Yes
94742,Male,43,60,71.67,One Year,UPI,Yes
47711,Male,28,48,119.19,One Year,Net Banking,No
16530,Female,43,64,25.46,One Year,Credit Card,Yes
21116,Female,34,30,69.1,Month-to-Month,Credit Card,No
75794,Female,41,17,29.14,One Year,UPI,Yes
10282,Female,45,14,35.98,Month-to-Month,Debit Card,Yes
89473,Male,52,19,58.3,Month-to-Month,Debit Card,Yes
11898,Female,48,71,35.55,Month-to-Month,UPI,No
14135,Female,30,59,116.37,Month-to-Month,Credit Card,No
16629,Female,52,67,114.68,Month-to-Month,UPI,No
95120,Female,33,44,53.61,Month-to-Month,Net Banking,Yes
99087,Male,32,32,83.97,Month-to-Month,UPI,No
75031,Female,60,11,73.38,Month-to-Month,Debit Card,Yes
43380,Female,35,2,101.56,Two Year,Credit Card,Yes
27071,Female,64,68,82.74,Month-to-Month,Debit Card,No
30074,Male,54,17,20.03,One Year,Debit Card,No
77843,Male,65,40,96.32,Month-to-Month,Credit Card,Yes
49901,Female,65,46,94.68,Month-to-Month,Net Banking,No
21205,Female,66,4,70.97,Month-to-Month,Credit Card,Yes
65661,Female,58,38,110.29,Month-to-Month,Credit Card,No
15906,Male,44,63,110.84,One Year,UPI,No
12591,Female,52,29,72.39,One Year,Credit Card,No
72987,Female,69,19,80.8,Month-to-Month,UPI,No
73370,Female,62,29,119.65,Month-to-Month,Debit Card,No
90685,Male,52,35,49.88,Two Year,Credit Card,No
64400,Female,45,70,52.46,Month-to-Month,Net Banking,No
35150,Female,56,23,38.28,Month-to-Month,UPI,No
41852,Male,55,46,109.59,One Year,UPI,No
52870,Male,26,44,94.45,Month-to-Month,Net Banking,Yes
62756,Female,29,48,30.56,Two Year,UPI,No
66481,Male,32,52,118.18,One Year,UPI,No
11283,Female,38,8,93.1,Month-to-Month,Net Banking,Yes
43691,Male,69,55,105.05,Month-to-Month,Debit Card,No
11125,Male,52,66,24.82,Month-to-Month,Credit Card,No
77065,Female,59,40,70.5,Month-to-Month,Credit Card,No
36170,Female,50,31,89.86,Two Year,Credit Card,No
18438,Female,68,48,74.29,One Year,Credit Card,No
30095,Male,36,61,86.66,Month-to-Month,Credit Card,No
26154,Female,40,52,101.79,Month-to-Month,Credit Card,No
18004,Female,30,38,57.43,Month-to-Month,UPI,Yes
19752,Female,61,36,104.87,Month-to-Month,Credit Card,Yes
65426,Female,18,55,36.29,One Year,UPI,No
36819,Female,68,13,47.09,One Year,Net Banking,Yes
34217,Male,46,37,24.33,Month-to-Month,Debit Card,No
98708,Female,41,47,56.44,Month-to-Month,UPI,No
42994,Female,33,71,57.99,One Year,Debit Card,No
25036,Male,42,22,100.53,Month-to-Month,Net Banking,No
87275,Female,40,39,85.31,One Year,Credit Card,No
59416,Female,45,58,63.67,Month-to-Month,Debit Card,No
19587,Female,64,30,85.21,One Year,Debit Card,Yes
10645,Female,33,18,25.28,Two Year,Net Banking,Yes
40930,Female,60,18,38.03,Two Year,Net Banking,No
91835,Male,55,39,82.69,Two Year,Net Banking,No
40090,Male,28,26,84.14,Two Year,UPI,Yes
97489,Male,20,71,97.41,One Year,UPI,No
62142,Female,32,7,60.3,Two Year,Debit Card,No
36475,Male,18,69,92.26,Two Year,Net Banking,No
28888,Female,24,65,88.4,One Year,Debit Card,No
53732,Female,18,46,116.34,Month-to-Month,Credit Card,No
91623,Female,66,18,41.51,Month-to-Month,Net Banking,No
56305,Male,49,13,75.17,One Year,UPI,No
56037,Male,26,25,80.18,Month-to-Month,Net Banking,No
19346,Male,46,8,119.86,One Year,Debit Card,Yes
10587,Female,43,32,40.12,Month-to-Month,UPI,No
22763,Male,40,17,72.32,Month-to-Month,Credit Card,Yes
69165,Female,62,48,54.62,One Year,Credit Card,No
79615,Male,60,63,72.59,Two Year,Debit Card,No
46116,Male,46,40,43.21,Month-to-Month,Net Banking,Yes
95751,Female,69,15,24.76,Two Year,Credit Card,Yes
35556,Female,55,6,77.26,One Year,Debit Card,Yes
69042,Male,50,63,53.59,Month-to-Month,UPI,Yes
28099,Male,24,8,38.19,Month-to-Month,UPI,No
55096,Male,29,32,52.39,Month-to-Month,Debit Card,Yes
81986,Female,48,45,24.93,Month-to-Month,Net Banking,Yes
23230,Female,49,52,115.04,Month-to-Month,Net Banking,No
39009,Male,37,13,78.11,Month-to-Month,Net Banking,No
80969,Male,68,24,101.48,Month-to-Month,Net Banking,Yes
43866,Female,34,40,62.31,One Year,Debit Card,Yes
94246,Male,53,14,110.33,Month-to-Month,Debit Card,No
86975,Female,20,70,68.33,One Year,UPI,No
51855,Female,18,62,77.39,Month-to-Month,UPI,No
91557,Female,67,61,69.18,One Year,Net Banking,Yes
16416,Female,44,1,93.33,Two Year,Credit Card,Yes
82516,Female,64,66,76.67,Month-to-Month,Credit Card,Yes
65915,Female,57,32,47.16,Two Year,UPI,Yes
28058,Male,50,13,34.55,One Year,UPI,No
86637,Female,37,33,80.61,One Year,Debit Card,No
50718,Female,31,32,68.92,One Year,UPI,No
42602,Male,53,56,29.6,Month-to-Month,UPI,No
84658,Female,22,24,59.56,Month-to-Month,Net Banking,No
88112,Male,40,4,71.48,Month-to-Month,Credit Card,Yes
68067,Female,62,23,102.69,Month-to-Month,Credit Card,No
37516,Male,32,29,27.61,Month-to-Month,Debit Card,Yes
97969,Male,23,21,54.85,Two Year,Credit Card,No
11089,Female,50,30,102.27,Month-to-Month,Net Banking,No
47346,Female,36,20,84.84,Two Year,Net Banking,No
84663,Female,30,16,49.0,Month-to-Month,Debit Card,No
20487,Female,46,67,104.53,Month-to-Month,UPI,No
10155,Male,23,49,69.33,Month-to-Month,UPI,No
77494,Male,32,58,69.84,Month-to-Month,Net Banking,No
86229,Male,33,44,117.66,Two Year,Debit Card,No
48547,Female,41,25,114.71,One Year,Net Banking,Yes
38795,Male,40,23,55.85,Month-to-Month,Credit Card,No
65296,Female,65,59,34.06,Two Year,Credit Card,No
31447,Female,27,1,52.57,One Year,Net Banking,No
46598,Male,58,15,23.05,Month-to-Month,UPI,No
51814,Female,58,52,22.08,One Year,Credit Card,No
85330,Male,66,58,59.55,One Year,Debit Card,No
97960,Female,34,41,114.1,Month-to-Month,UPI,No
73278,Male,66,44,107.14,One Year,Credit Card,Yes
65077,Female,61,4,71.14,Month-to-Month,Net Banking,Yes
81906,Male,62,68,76.52,Month-to-Month,UPI,Yes
19528,Male,47,7,20.59,Month-to-Month,UPI,No
60100,Female,61,46,41.55,Two Year,Credit Card,Yes
18179,Female,63,9,22.48,One Year,Debit Card,No
58781,Male,27,33,95.45,Month-to-Month,Credit Card,No
65267,Female,36,33,34.56,Month-to-Month,Credit Card,No
92379,Female,46,4,106.9,Month-to-Month,Credit Card,Yes
33952,Female,19,65,84.33,One Year,Credit Card,No
63798,Male,53,34,42.94,Month-to-Month,Credit Card,Yes
60939,Male,36,64,35.77,One Year,Net Banking,No
39516,Female,24,25,82.76,Two Year,Credit Card,Yes
66526,Female,43,55,110.08,One Year,Debit Card,No
20449,Male,32,9,91.84,Month-to-Month,UPI,Yes
60290,Female,64,17,54.85,Month-to-Month,Net Banking,No
96661,Male,55,21,78.74,Month-to-Month,Debit Card,No
82954,Female,20,60,51.08,One Year,Credit Card,No
32746,Female,55,13,119.91,One Year,Debit Card,No
77990,Female,33,3,94.88,Month-to-Month,UPI,Yes
68810,Male,19,68,81.44,Month-to-Month,Debit Card,Yes
93297,Male,48,4,62.33,Two Year,Credit Card,No
25223,Male,45,7,81.82,Month-to-Month,UPI,Yes
82237,Male,24,26,54.16,Month-to-Month,Credit Card,Yes
12597,Female,47,24,22.89,One Year,Credit Card,No
75677,Female,60,10,59.51,Month-to-Month,Net Banking,Yes
12659,Male,24,13,113.05,One Year,UPI,Yes
96516,Female,53,44,82.63,One Year,UPI,No
84567,Female,46,39,28.4,One Year,Credit Card,No
25037,Male,41,19,108.5,Month-to-Month,Debit Card,Yes
56738,Female,69,51,46.89,Month-to-Month,UPI,Yes
81678,Female,56,19,44.38,Month-to-Month,Debit Card,Yes
22109,Male,21,52,49.71,Month-to-Month,Debit Card,No
32010,Female,46,47,77.72,Two Year,UPI,No
18787,Female,61,30,74.47,One Year,Debit Card,No
18472,Female,22,46,69.14,Month-to-Month,UPI,Yes
33383,Male,46,21,91.75,Two Year,Net Banking,No
71709,Male,47,48,51.65,One Year,UPI,No
79785,Female,46,62,98.21,Month-to-Month,UPI,No
44518,Female,43,58,37.53,Month-to-Month,UPI,No
63909,Female,36,18,98.26,Month-to-Month,Net Banking,No
28351,Male,43,59,86.38,Two Year,Debit Card,Yes
79624,Male,54,48,88.32,Month-to-Month,Net Banking,No
63330,Male,44,63,68.16,Two Year,Debit Card,Yes
25282,Female,47,12,86.7,Month-to-Month,UPI,Yes
94866,Female,68,34,27.98,Two Year,UPI,No
31778,Female,47,61,105.16,Month-to-Month,Net Banking,No
34264,Female,20,53,25.55,Two Year,Net Banking,No
69675,Female,60,25,34.87,Two Year,Net Banking,Yes
15075,Male,24,62,77.68,Month-to-Month,Net Banking,No
85948,Female,66,4,93.94,One Year,UPI,Yes
58454,Female,26,13,27.63,One Year,UPI,No
38365,Female,58,42,112.08,Two Year,Credit Card,Yes
82766,Male,59,49,117.36,Month-to-Month,Net Banking,No
58200,Female,30,56,80.6,Month-to-Month,Net Banking,Yes
21002,Male,32,47,68.12,Two Year,Debit Card,Yes
23947,Male,22,8,94.14,One Year,Debit Card,Yes
89222,Male,46,55,52.84,Month-to-Month,UPI,No
88610,Male,52,18,69.33,One Year,Credit Card,No
62142,Male,44,35,111.62,Month-to-Month,Net Banking,No
66307,Female,44,32,115.57,One Year,Credit Card,No
14493,Female,25,24,112.71,Month-to-Month,Credit Card,Yes
60085,Male,49,7,46.24,Month-to-Month,UPI,No
44228,Male,37,13,43.25,Month-to-Month,Credit Card,No
89676,Male,27,69,49.77,Month-to-Month,Net Banking,Yes
61875,Female,30,42,64.13,Month-to-Month,UPI,Yes
41655,Female,46,31,51.42,Month-to-Month,Credit Card,Yes
53472,Male,52,26,57.42,Month-to-Month,UPI,No
59437,Female,25,32,82.06,Month-to-Month,UPI,Yes
59416,Female,46,52,96.25,One Year,Debit Card,Yes
69711,Male,48,20,93.56,Month-to-Month,UPI,No
16816,Male,58,40,101.44,Month-to-Month,Credit Card,No
87175,Female,47,59,23.22,One Year,Debit Card,No
74307,Female,39,14,24.77,Two Year,Net Banking,No
56733,Female,38,44,98.94,One Year,Net Banking,Yes
21240,Male,29,48,73.31,Month-to-Month,Net Banking,No
81363,Male,28,43,77.81,One Year,Net Banking,Yes
42762,Male,19,16,25.26,Two Year,Net Banking,No
18259,Female,67,35,45.53,Month-to-Month,Credit Card,No
60139,Female,58,53,83.84,Two Year,UPI,No
24849,Male,19,34,105.92,Month-to-Month,Debit Card,No
91768,Female,51,3,111.7,Month-to-Month,UPI,Yes
99709,Male,20,68,70.04,Month-to-Month,UPI,No
64869,Female,33,5,74.55,One Year,Credit Card,Yes
73095,Male,68,10,103.3,Month-to-Month,Credit Card,Yes
80910,Female,21,52,73.76,Month-to-Month,Credit Card,Yes
96710,Female,40,29,71.69,Month-to-Month,Debit Card,No
33567,Male,67,31,110.51,Month-to-Month,Credit Card,Yes
45292,Male,37,66,98.99,Month-to-Month,UPI,No
84813,Male,42,69,110.91,Month-to-Month,Debit Card,No
61631,Male,47,37,41.82,Month-to-Month,Credit Card,Yes
19885,Male,35,27,72.44,Two Year,Credit Card,No
69659,Female,59,33,104.25,Month-to-Month,Credit Card,No
64306,Male,28,68,31.11,Month-to-Month,UPI,No
76314,Male,46,59,99.47,Month-to-Month,Credit Card,Yes
75087,Male,34,64,38.3,Month-to-Month,UPI,No
39165,Male,43,44,100.81,Month-to-Month,Debit Card,No
68929,Male,40,49,81.2,Month-to-Month,Credit Card,No
77028,Female,69,53,39.32,One Year,Net Banking,Yes
59812,Male,65,49,67.34,Month-to-Month,Net Banking,Yes
60500,Male,37,66,88.19,Month-to-Month,UPI,No
89151,Male,62,63,83.39,Month-to-Month,Credit Card,No
68643,Female,19,25,62.72,One Year,Credit Card,Yes
54900,Female,41,4,109.94,One Year,Net Banking,Yes
52946,Male,48,51,71.93,Month-to-Month,Debit Card,Yes
17851,Male,44,11,70.59,Month-to-Month,Debit Card,Yes
26288,Female,19,17,26.23,Two Year,UPI,No
82692,Female,31,66,112.21,Month-to-Month,Net Banking,Yes
77580,Female,21,70,37.71,Month-to-Month,UPI,Yes
17368,Male,66,69,72.83,Month-to-Month,UPI,Yes
95436,Male,30,29,100.36,Month-to-Month,Debit Card,Yes
56403,Female,53,20,41.55,Two Year,Net Banking,Yes
19168,Male,52,27,72.74,Two Year,UPI,No
96497,Female,61,8,44.07,One Year,Debit Card,Yes
59879,Female,25,61,95.97,Month-to-Month,Debit Card,No
69871,Female,19,28,76.43,Month-to-Month,Credit Card,No
99388,Male,23,70,105.6,Month-to-Month,Net Banking,No
42174,Female,48,3,109.46,Two Year,Net Banking,Yes
16581,Female,27,69,84.87,One Year,Credit Card,Yes
81853,Male,61,7,92.54,Month-to-Month,UPI,Yes
74046,Female,38,60,74.92,Month-to-Month,Debit Card,Yes
59678,Male,59,4,58.44,Month-to-Month,Debit Card,No
36649,Female,27,5,84.81,Two Year,Debit Card,Yes
98668,Male,40,11,110.83,Month-to-Month,Credit Card,Yes
92325,Female,20,15,61.67,Month-to-Month,Debit Card,No
24567,Female,49,64,51.44,Month-to-Month,UPI,No
90404,Female,37,13,58.84,Month-to-Month,UPI,Yes
99906,Female,27,7,63.54,Two Year,Credit Card,Yes
71944,Female,46,6,27.36,Two Year,UPI,No
88002,Male,58,56,69.84,Two Year,Net Banking,Yes
38803,Male,69,64,69.43,One Year,Net Banking,Yes
28230,Female,68,50,78.84,Month-to-Month,Debit Card,No
27862,Female,63,30,56.28,Month-to-Month,Debit Card,No
53355,Female,51,22,81.31,Month-to-Month,Net Banking,No
41259,Male,54,25,107.82,One Year,UPI,No
97445,Male,37,28,115.55,Month-to-Month,Credit Card,No
40795,Female,25,39,78.36,One Year,Debit Card,Yes
18770,Male,24,67,24.26,Month-to-Month,Debit Card,No
21093,Female,23,5,116.92,Month-to-Month,Net Banking,Yes
56571,Female,28,65,90.59,One Year,Net Banking,No
10193,Female,61,15,53.6,Two Year,Credit Card,Yes
27569,Male,35,67,34.72,Month-to-Month,Debit Card,No
21190,Female,68,40,34.34,Month-to-Month,UPI,No
72824,Female,59,69,36.77,Two Year,UPI,Yes
52752,Female,46,43,24.56,One Year,Net Banking,No
42327,Male,42,1,110.22,Month-to-Month,Credit Card,Yes
52070,Male,38,22,74.08,Month-to-Month,Net Banking,No
95925,Male,63,62,90.0,Month-to-Month,Credit Card,Yes
50197,Female,20,26,102.81,Month-to-Month,UPI,No
12261,Male,35,18,99.15,Two Year,Credit Card,No
36512,Female,41,48,108.26,Month-to-Month,UPI,No
16716,Male,64,9,116.73,Month-to-Month,Credit Card,Yes
96795,Female,55,1,63.91,Month-to-Month,Net Banking,Yes
38933,Male,27,9,115.03,Month-to-Month,UPI,Yes
14378,Female,44,23,92.33,Month-to-Month,Debit Card,No
50583,Male,29,45,27.07,Month-to-Month,Debit Card,Yes
95371,Male,24,2,88.18,Month-to-Month,UPI,Yes
39033,Male,34,14,88.67,Month-to-Month,Debit Card,No
34000,Female,18,38,110.59,Month-to-Month,UPI,No
85868,Male,67,40,57.29,Month-to-Month,Net Banking,No
52604,Male,43,63,78.49,One Year,Net Banking,No
78336,Male,32,16,21.22,Month-to-Month,Credit Card,Yes
83869,Male,68,6,53.21,Month-to-Month,Debit Card,No
15410,Female,50,3,26.22,Month-to-Month,Debit Card,No
93375,Male,54,14,72.19,Two Year,Debit Card,Yes
66044,Female,64,66,101.74,Two Year,UPI,No
73315,Female,48,67,40.64,Month-to-Month,Net Banking,No
81344,Female,52,31,72.74,One Year,Debit Card,No
16796,Female,18,33,40.4,Month-to-Month,Credit Card,Yes
96716,Male,25,1,32.07,Month-to-Month,Debit Card,No
64245,Female,29,44,71.1,Month-to-Month,Credit Card,No
53056,Female,36,15,27.91,Month-to-Month,Debit Card,No
27709,Female,42,37,78.74,Month-to-Month,Debit Card,Yes
68557,Female,49,27,23.13,One Year,Net Banking,No
27543,Male,29,48,30.67,One Year,Credit Card,No
47418,Male,30,27,75.0,Month-to-Month,Debit Card,No
26724,Female,45,12,79.14,Month-to-Month,Credit Card,No
13828,Female,18,67,22.9,Month-to-Month,Credit Card,No
27087,Female,68,30,77.34,Month-to-Month,Net Banking,No
22605,Male,23,66,103.85,Two Year,Net Banking,Yes
41337,Male,25,7,92.23,One Year,Credit Card,Yes
15482,Male,21,34,33.12,Two Year,Net Banking,No
75333,Male,22,32,79.25,One Year,Debit Card,Yes
98296,Male,42,39,87.23,Month-to-Month,Debit Card,No
60952,Female,39,43,23.72,Month-to-Month,Net Banking,No
15463,Male,45,43,105.53,Month-to-Month,Credit Card,No
80448,Male,56,3,110.63,Month-to-Month,Debit Card,Yes
14648,Female,40,46,105.05,One Year,UPI,No
43623,Male,21,32,102.46,Month-to-Month,Credit Card,Yes
69156,Male,69,43,94.5,Month-to-Month,Credit Card,Yes
45634,Male,21,3,83.34,One Year,UPI,Yes
54602,Female,64,63,87.86,Two Year,UPI,Yes
59334,Male,38,40,100.64,Month-to-Month,Credit Card,Yes
78648,Female,54,18,86.25,One Year,UPI,No
32054,Female,58,67,52.77,Month-to-Month,Net Banking,No
80028,Male,19,62,57.6,Month-to-Month,Net Banking,No
32207,Male,24,10,109.71,Month-to-Month,Credit Card,Yes
90650,Male,66,52,21.71,Month-to-Month,Net Banking,No
91554,Male,33,46,89.88,One Year,Debit Card,Yes
31386,Female,34,55,115.48,Month-to-Month,Net Banking,No
93276,Male,37,46,90.62,One Year,Net Banking,No
69518,Female,40,60,119.39,Two Year,UPI,No
62781,Female,51,26,88.75,Month-to-Month,Net Banking,Yes
62780,Female,28,27,23.44,One Year,Credit Card,Yes
71440,Female,51,38,102.7,Month-to-Month,Net Banking,No
54199,Female,50,22,48.46,Month-to-Month,Net Banking,No
71035,Male,43,26,64.61,One Year,Credit Card,Yes
18210,Female,19,69,51.21,One Year,Credit Card,No
54363,Female,40,35,46.86,Month-to-Month,UPI,Yes
88279,Male,58,66,63.14,Two Year,Debit Card,No
70348,Male,39,51,57.88,Month-to-Month,Net Banking,Yes
65284,Female,51,18,83.33,Two Year,Debit Card,Yes
82124,Female,32,43,101.32,Month-to-Month,UPI,Yes
78847,Male,27,12,49.71,Month-to-Month,Credit Card,No
32432,Female,32,3,41.37,Month-to-Month,Credit Card,Yes
74089,Male,59,7,86.69,Month-to-Month,Credit Card,Yes
65398,Male,46,6,87.03,Month-to-Month,UPI,Yes
13321,Female,40,45,110.11,One Year,Net Banking,Yes
91348,Male,34,39,21.59,Month-to-Month,UPI,No
47383,Female,26,51,105.3,Month-to-Month,Credit Card,Yes
88682,Female,67,9,72.1,Month-to-Month,Net Banking,Yes
89190,Female,53,23,82.13,Month-to-Month,Credit Card,Yes
62893,Male,26,12,29.14,One Year,Credit Card,Yes
45820,Female,33,62,63.26,One Year,UPI,No
76262,Male,53,40,42.73,Two Year,UPI,Yes
13760,Female,65,54,45.42,Month-to-Month,Debit Card,No
32190,Female,68,7,70.41,Month-to-Month,Credit Card,Yes
77411,Male,50,17,101.25,Month-to-Month,Net Banking,No
33377,Female,48,50,94.38,Two Year,Credit Card,No
56737,Female,23,24,79.1,One Year,Net Banking,No
79569,Male,27,2,73.94,Month-to-Month,Debit Card,Yes
48211,Male,33,33,62.73,Month-to-Month,Credit Card,No
92909,Male,21,21,117.27,One Year,Net Banking,No
13744,Female,39,53,76.02,One Year,Net Banking,No
34995,Male,30,46,45.4,Two Year,Debit Card,No
26977,Male,33,45,43.01,Month-to-Month,UPI,No
44542,Female,69,9,81.14,Two Year,Debit Card,Yes
20651,Male,46,6,72.28,Month-to-Month,Net Banking,Yes
88931,Female,23,51,20.77,Two Year,Debit Card,No
26715,Female,43,35,103.01,Two Year,UPI,No
54409,Male,28,53,90.41,One Year,Credit Card,Yes
34306,Female,41,19,86.18,One Year,Debit Card,No
29086,Male,46,69,26.88,Month-to-Month,Debit Card,No
24376,Male,20,25,56.21,Month-to-Month,Credit Card,Yes
71350,Male,69,11,113.54,Month-to-Month,Debit Card,Yes
81425,Male,27,17,106.26,Month-to-Month,UPI,No
46636,Female,18,36,48.55,Month-to-Month,Net Banking,Yes
96120,Female,69,21,35.71,Month-to-Month,Debit Card,No
61649,Male,60,18,64.91,Two Year,Credit Card,No
44610,Male,43,60,55.58,Month-to-Month,Credit Card,No
20058,Female,29,18,88.22,One Year,Debit Card,No
84637,Male,31,1,116.64,One Year,Credit Card,Yes
88033,Female,42,14,56.3,Month-to-Month,Net Banking,Yes
80194,Male,25,8,26.22,Month-to-Month,Net Banking,No
86917,Female,60,66,109.76,Month-to-Month,Credit Card,Yes
74200,Female,21,51,23.79,One Year,Debit Card,No
56619,Female,45,60,115.28,Month-to-Month,Debit Card,Yes
27154,Male,24,34,86.46,Month-to-Month,Credit Card,No
29539,Male,27,36,114.17,One Year,Net Banking,Yes
70058,Male,68,62,39.97,Month-to-Month,Net Banking,No
72068,Male,53,1,24.07,One Year,Debit Card,No
87313,Male,19,42,68.82,Month-to-Month,Net Banking,No
40373,Female,43,1,65.06,One Year,UPI,Yes
43154,Female,67,54,53.15,Two Year,Net Banking,No
16031,Female,31,47,115.77,One Year,Debit Card,Yes
81975,Female,33,39,102.26,Month-to-Month,Net Banking,No
32785,Female,60,30,86.16,Month-to-Month,Net Banking,No
88928,Female,59,7,36.29,One Year,Credit Card,No
38669,Female,34,22,93.43,Month-to-Month,UPI,Yes
12282,Male,63,50,92.7,Month-to-Month,Credit Card,No
44624,Female,39,45,62.51,One Year,Net Banking,No
58438,Male,21,10,112.48,Month-to-Month,Net Banking,Yes
99900,Female,36,14,36.7,Month-to-Month,Credit Card,Yes
77534,Female,19,46,46.73,Two Year,UPI,No
41705,Male,56,6,26.32,Month-to-Month,Debit Card,Yes
48244,Female,26,21,99.55,Month-to-Month,Credit Card,Yes
84964,Male,36,62,82.18,One Year,Net Banking,Yes
47437,Female,33,19,51.49,Two Year,Net Banking,No
87872,Male,42,62,36.38,Month-to-Month,Debit Card,Yes
84878,Female,65,53,24.01,One Year,Net Banking,No
82982,Male,35,24,36.67,One Year,Net Banking,Yes
60583,Male,40,56,65.33,Month-to-Month,Debit Card,No
48392,Female,38,62,44.72,Month-to-Month,Net Banking,No
17461,Female,28,34,45.9,Month-to-Month,Net Banking,Yes
20516,Male,56,22,107.56,One Year,UPI,No
89285,Female,58,68,71.51,One Year,Credit Card,No
27514,Male,21,57,92.93,Month-to-Month,UPI,No
46268,Female,42,10,23.57,One Year,UPI,No
46788,Male,49,66,56.52,One Year,Net Banking,No
85749,Female,47,8,67.92,Month-to-Month,Credit Card,No
71049,Male,62,38,38.64,One Year,Credit Card,No
72493,Female,43,62,32.02,Month-to-Month,Net Banking,No
46027,Male,53,28,107.03,Two Year,UPI,No
52849,Male,68,10,113.94,Month-to-Month,UPI,Yes
27858,Female,51,45,27.88,One Year,UPI,Yes
94162,Female,26,65,54.9,One Year,Credit Card,Yes
89003,Male,29,67,115.83,Month-to-Month,Net Banking,No
62395,Male,19,9,28.32,Two Year,Credit Card,No
49758,Male,55,5,84.36,One Year,UPI,Yes
64312,Male,22,10,117.22,Two Year,Credit Card,Yes
78670,Female,22,12,117.82,Month-to-Month,Credit Card,No
92279,Male,69,58,67.12,Month-to-Month,Net Banking,No
25434,Male,39,21,36.27,Two Year,Net Banking,Yes
74047,Male,22,21,40.21,One Year,Credit Card,No
57775,Female,21,65,108.96,One Year,Debit Card,No
85769,Male,26,3,111.17,Two Year,Net Banking,Yes
76677,Female,46,69,80.79,Month-to-Month,Debit Card,No
93555,Female,39,64,96.62,Month-to-Month,Net Banking,Yes
95920,Female,44,49,93.99,Month-to-Month,UPI,No
55734,Female,27,17,86.18,One Year,Debit Card,Yes
98503,Female,33,32,102.73,One Year,UPI,Yes
50603,Female,59,70,88.54,Two Year,UPI,No
86708,Female,59,21,73.4,Month-to-Month,Credit Card,Yes
91926,Male,68,7,43.7,One Year,UPI,No
78803,Male,27,7,94.39,Two Year,UPI,Yes
49332,Female,23,27,67.34,One Year,UPI,Yes
31312,Male,66,8,49.48,Month-to-Month,UPI,Yes
94526,Male,22,28,100.19,One Year,Credit Card,No
54179,Female,23,66,89.67,Two Year,Credit Card,Yes
81442,Male,64,71,113.73,Two Year,UPI,No
50379,Female,42,47,36.54,One Year,Debit Card,No
27297,Male,68,10,84.92,Two Year,Net Banking,Yes
12011,Female,67,33,44.42,Month-to-Month,Debit Card,No
54014,Female,21,7,110.36,Month-to-Month,UPI,Yes
21738,Male,57,3,29.95,Two Year,Credit Card,Yes
57498,Male,65,14,85.62,Month-to-Month,UPI,No
21120,Female,49,44,99.11,Month-to-Month,UPI,Yes
18767,Female,68,46,55.49,Month-to-Month,Credit Card,Yes
32852,Female,69,61,115.41,Month-to-Month,Debit Card,No
89239,Male,52,36,105.07,One Year,Net Banking,No
10929,Male,27,13,49.46,Month-to-Month,UPI,Yes
87487,Male,51,16,20.75,Two Year,Credit Card,Yes
27438,Male,53,5,49.67,Two Year,Net Banking,No
58515,Female,23,38,48.13,Month-to-Month,Net Banking,No
15744,Female,60,50,109.0,Month-to-Month,Net Banking,No
93820,Female,63,38,116.71,One Year,Credit Card,No
52417,Female,33,56,27.04,One Year,UPI,No
17069,Male,36,63,67.13,Month-to-Month,Credit Card,No
52359,Female,51,48,74.83,Month-to-Month,UPI,No
29799,Female,42,59,29.29,Month-to-Month,Debit Card,No
80188,Male,48,44,57.75,Month-to-Month,Net Banking,Yes
99859,Male,66,55,51.71,Month-to-Month,UPI,No
17597,Female,58,55,73.61,One Year,Debit Card,Yes
57093,Male,34,1,86.12,One Year,Credit Card,Yes
47226,Female,64,8,90.35,One Year,Net Banking,Yes
82127,Male,47,4,33.68,Month-to-Month,UPI,Yes
87362,Male,56,53,101.29,One Year,Net Banking,No
36417,Female,48,58,87.85,Month-to-Month,Net Banking,Yes
28693,Male,36,37,108.91,Month-to-Month,Net Banking,No
89674,Female,52,49,64.93,One Year,Credit Card,No
63161,Male,46,67,109.39,One Year,Net Banking,No
12169,Male,18,19,106.58,Month-to-Month,UPI,No
94092,Male,21,1,63.84,One Year,Credit Card,No
32052,Male,45,29,58.11,Two Year,Debit Card,No
81849,Male,35,33,113.28,Month-to-Month,UPI,No
83851,Female,43,52,91.52,One Year,Credit Card,No
18036,Male,57,41,112.82,Two Year,UPI,No
41778,Female,36,23,99.7,One Year,UPI,Yes
37734,Male,23,5,80.93,Month-to-Month,Debit Card,Yes
33173,Female,18,71,31.59,Month-to-Month,Credit Card,No
40403,Male,25,57,49.15,Month-to-Month,Net Banking,No
76321,Female,50,6,116.88,Month-to-Month,UPI,Yes
81675,Female,68,49,51.94,One Year,UPI,No
16344,Male,60,22,29.33,Month-to-Month,UPI,Yes
28800,Male,38,4,90.76,Two Year,UPI,Yes
35372,Male,41,64,93.4,Month-to-Month,UPI,No
71516,Female,42,37,48.55,One Year,Credit Card,No
30538,Female,64,31,49.77,Month-to-Month,UPI,No
73918,Male,60,37,66.89,Month-to-Month,UPI,No
24973,Male,36,45,22.18,One Year,UPI,No
81155,Female,46,8,98.93,Month-to-Month,Net Banking,Yes
69500,Female,27,40,51.71,Month-to-Month,Net Banking,No
46575,Male,29,5,105.38,Month-to-Month,Credit Card,Yes
52261,Female,50,28,100.26,Month-to-Month,UPI,No
37716,Male,24,9,86.14,One Year,UPI,Yes
13236,Male,34,2,52.49,Two Year,Debit Card,No
25848,Male,27,63,71.63,Month-to-Month,Net Banking,No
12352,Female,48,51,64.48,Month-to-Month,Debit Card,No
11932,Female,23,31,53.89,One Year,UPI,No
86449,Female,34,7,104.81,Two Year,UPI,Yes
18556,Female,67,30,68.35,Two Year,Debit Card,No
96836,Male,54,58,103.27,One Year,Credit Card,No
15498,Female,35,3,30.52,Month-to-Month,Credit Card,No
86118,Male,43,51,34.1,Month-to-Month,Debit Card,No
60098,Male,66,56,117.73,Month-to-Month,UPI,No
74386,Male,33,10,78.78,Month-to-Month,Debit Card,Yes
19569,Female,25,61,70.98,One Year,Net Banking,No
66882,Male,41,50,72.32,One Year,Credit Card,No
80393,Male,30,47,41.53,One Year,Debit Card,No
10340,Female,46,1,91.87,Month-to-Month,Credit Card,Yes
53949,Male,49,57,28.48,One Year,Net Banking,Yes
92302,Female,41,38,77.33,Month-to-Month,UPI,No
72443,Female,33,62,77.08,Month-to-Month,UPI,Yes
84027,Female,28,70,111.42,Month-to-Month,UPI,No
10138,Male,49,65,72.62,Two Year,Credit Card,Yes
10358,Female,23,62,33.71,Month-to-Month,Net Banking,No
85250,Female,52,56,77.28,One Year,Debit Card,Yes
95376,Female,50,67,29.13,Month-to-Month,UPI,No
40654,Female,35,17,40.38,Month-to-Month,Credit Card,Yes
35879,Male,54,8,23.11,Two Year,UPI,No
91532,Female,30,60,71.33,Month-to-Month,Net Banking,No
65778,Male,27,40,28.45,Month-to-Month,Debit Card,No
47772,Female,54,62,66.94,Month-to-Month,UPI,No
68478,Male,43,41,113.29,Two Year,Net Banking,No
74353,Female,63,12,91.98,Month-to-Month,Credit Card,No
36762,Male,34,54,27.74,Month-to-Month,Net Banking,Yes
23283,Female,18,11,42.42,Month-to-Month,Credit Card,No
73922,Male,42,60,87.37,Month-to-Month,UPI,Yes
49420,Male,51,68,109.47,Month-to-Month,UPI,No
65568,Male,56,46,23.29,One Year,Net Banking,No
95090,Female,27,38,101.25,One Year,Credit Card,No
30219,Male,37,61,76.18,Month-to-Month,Net Banking,Yes
67169,Male,24,17,74.61,One Year,Net Banking,No
84965,Male,33,66,115.78,Two Year,UPI,No
56840,Male,54,36,94.76,Two Year,UPI,Yes
54695,Female,46,7,105.01,Month-to-Month,UPI,Yes
94754,Male,29,16,55.4,Month-to-Month,Net Banking,No
87988,Male,34,14,75.44,Two Year,Net Banking,No
68342,Male,65,25,81.54,Month-to-Month,Debit Card,No
28951,Female,37,4,52.16,Month-to-Month,Debit Card,No
11307,Male,43,29,77.02,Two Year,Net Banking,No
90388,Male,65,56,43.67,Month-to-Month,Debit Card,No
45428,Male,36,6,34.34,Month-to-Month,Net Banking,No
85774,Male,64,1,57.4,Month-to-Month,UPI,No
48975,Female,29,39,93.93,One Year,Credit Card,Yes
11140,Male,38,1,111.62,Month-to-Month,UPI,Yes
34842,Male,59,63,65.77,Two Year,Net Banking,No
36421,Female,51,57,84.28,One Year,UPI,No
11708,Female,24,67,30.3,Month-to-Month,Net Banking,No
13630,Female,62,65,110.45,Month-to-Month,Net Banking,Yes
29595,Male,52,65,76.86,Month-to-Month,Debit Card,Yes
86021,Female,32,21,98.03,One Year,Net Banking,No
38308,Male,18,30,99.44,Month-to-Month,Credit Card,No
54789,Female,43,33,45.65,Two Year,Debit Card,No
65690,Male,52,48,72.92,Month-to-Month,Credit Card,No
36086,Female,42,22,116.05,Month-to-Month,Net Banking,No
26859,Male,59,54,28.96,Month-to-Month,UPI,Yes
17684,Female,32,4,88.3,One Year,Net Banking,Yes
11207,Male,39,55,116.23,Month-to-Month,Net Banking,No
56099,Male,23,44,50.06,Month-to-Month,UPI,No
77496,Male,69,12,106.14,Two Year,UPI,No
76093,Male,32,52,113.37,Month-to-Month,Credit Card,No
39689,Male,41,65,94.71,Month-to-Month,Debit Card,Yes
58651,Male,38,65,43.13,One Year,Debit Card,Yes
23893,Male,24,10,53.4,One Year,Debit Card,No
76418,Male,46,18,23.58,Month-to-Month,Credit Card,Yes
70011,Female,49,47,103.15,Month-to-Month,Credit Card,Yes
48635,Male,49,66,104.96,One Year,UPI,Yes
66115,Male,22,49,83.27,Month-to-Month,Debit Card,No
88405,Female,21,22,55.25,One Year,Net Banking,Yes
82702,Male,39,26,27.68,Month-to-Month,Credit Card,No
88518,Female,35,9,95.31,Month-to-Month,Net Banking,Yes
82805,Male,52,21,92.65,Month-to-Month,Debit Card,No
68954,Female,34,63,111.26,Month-to-Month,Debit Card,No
38064,Female,67,6,93.05,One Year,Credit Card,Yes
89063,Male,67,14,102.87,Month-to-Month,Credit Card,No
12454,Female,41,33,94.6,Month-to-Month,UPI,No
30878,Male,19,71,83.07,Two Year,Net Banking,No
61098,Male,30,24,62.7,Month-to-Month,UPI,No
72154,Male,32,51,110.21,One Year,UPI,No
22991,Male,22,2,85.1,Two Year,Net Banking,Yes
78344,Female,20,15,59.84,Two Year,Debit Card,No
46593,Male,54,35,28.35,Two Year,Net Banking,Yes
46304,Female,54,36,49.07,Month-to-Month,Debit Card,No
40386,Female,54,39,74.37,Two Year,UPI,No
65220,Male,20,4,47.56,One Year,Debit Card,No
79338,Male,52,64,42.12,One Year,Debit Card,No
31083,Male,69,6,72.74,Month-to-Month,Debit Card,Yes
28354,Male,40,57,36.98,Two Year,Net Banking,Yes
32190,Female,45,30,100.04,One Year,Debit Card,No
16142,Male,47,67,68.44,One Year,Net Banking,No
38398,Female,35,15,77.39,Month-to-Month,Credit Card,No
61971,Male,69,17,34.74,Month-to-Month,Credit Card,No
51862,Male,53,18,52.46,Two Year,UPI,No
63410,Male,50,19,61.01,Month-to-Month,UPI,Yes
29503,Male,43,69,100.82,Month-to-Month,Net Banking,No
58456,Female,65,24,97.02,One Year,Debit Card,No
92035,Female,57,48,42.3,Month-to-Month,Debit Card,No
18016,Male,34,30,81.62,Month-to-Month,Credit Card,No
12384,Female,57,15,44.35,Month-to-Month,Net Banking,No
72320,Female,24,47,118.82,Month-to-Month,Debit Card,No
25072,Male,25,44,115.21,Month-to-Month,Debit Card,No
90018,Male,48,27,76.33,Month-to-Month,Net Banking,Yes
50510,Female,29,64,89.89,Month-to-Month,UPI,Yes
58933,Female,65,41,100.14,One Year,Net Banking,Yes
31826,Female,48,68,92.1,Two Year,Net Banking,No
78026,Female,61,5,89.98,Month-to-Month,Debit Card,Yes
35518,Male,36,53,115.86,Month-to-Month,Credit Card,No
34045,Male,27,8,79.65,Month-to-Month,Debit Card,Yes
60876,Female,56,22,83.63,One Year,Debit Card,No
61919,Male,29,7,104.93,Two Year,Debit Card,Yes
37103,Female,37,22,86.99,Month-to-Month,Net Banking,No
46188,Female,54,46,93.29,Month-to-Month,Net Banking,Yes
15845,Male,65,30,43.42,One Year,Debit Card,Yes
96698,Female,58,16,57.13,One Year,Debit Card,No
46674,Female,24,5,34.73,Month-to-Month,Credit Card,No
29337,Male,69,67,70.58,One Year,UPI,No
32313,Male,31,23,65.57,One Year,Debit Card,No
36943,Female,28,61,119.72,Two Year,Net Banking,No
87949,Female,24,5,81.12,Month-to-Month,UPI,Yes
10276,Male,46,23,98.64,Two Year,UPI,No
61151,Female,27,25,53.4,Month-to-Month,Credit Card,Yes
27611,Female,46,8,103.15,One Year,UPI,Yes
21944,Male,26,21,81.51,Month-to-Month,Debit Card,No
62887,Male,53,2,89.7,Month-to-Month,Debit Card,Yes
91442,Male,65,22,49.44,One Year,Net Banking,No
59847,Male,27,68,74.86,Month-to-Month,Debit Card,Yes
68653,Male,36,64,83.4,Month-to-Month,Debit Card,No
96072,Male,48,19,78.91,Month-to-Month,Credit Card,No
66622,Female,34,53,111.52,Month-to-Month,UPI,No
37810,Female,26,52,109.83,Month-to-Month,Credit Card,Yes
87842,Male,62,47,117.1,Two Year,UPI,Yes
20503,Male,50,54,86.74,Month-to-Month,Credit Card,No
94761,Female,51,44,117.19,Month-to-Month,Net Banking,No
46976,Female,62,7,103.25,Month-to-Month,Credit Card,Yes
21590,Female,41,1,47.08,Month-to-Month,Credit Card,No
20886,Male,26,63,62.74,Month-to-Month,Net Banking,No
22866,Male,24,39,43.84,Month-to-Month,Debit Card,No
76624,Female,33,19,20.42,Month-to-Month,Debit Card,Yes
78899,Male,36,31,38.8,Month-to-Month,Net Banking,No
42792,Male,56,24,20.41,One Year,Net Banking,Yes
19764,Male,23,69,91.98,One Year,Credit Card,No
96156,Female,67,65,62.55,Month-to-Month,Net Banking,Yes
52727,Female,68,33,51.26,Month-to-Month,Net Banking,No
88471,Male,28,59,96.17,Two Year,UPI,No
18068,Male,29,33,103.25,Month-to-Month,UPI,No
17295,Male,59,32,117.53,Two Year,Debit Card,Yes
51160,Male,30,59,84.2,Month-to-Month,Net Banking,Yes
21390,Male,29,41,66.15,Month-to-Month,Credit Card,No
30131,Female,38,12,50.53,One Year,Debit Card,No
85969,Male,27,11,42.23,Two Year,Debit Card,No
25038,Male,37,19,41.29,Month-to-Month,Debit Card,Yes
62327,Male,67,54,60.92,Month-to-Month,Net Banking,No
87064,Female,53,57,119.18,Month-to-Month,Net Banking,No
31281,Female,45,42,20.09,Two Year,Credit Card,No
64189,Male,41,71,39.72,One Year,Credit Card,No
58511,Female,22,31,38.84,Month-to-Month,Debit Card,No
18605,Female,54,52,91.71,Month-to-Month,Net Banking,No
11381,Female,29,2,55.25,Month-to-Month,Credit Card,No
76634,Female,52,38,65.73,Month-to-Month,UPI,No
29810,Female,57,32,34.86,Month-to-Month,UPI,Yes
34322,Female,19,10,60.5,One Year,Debit Card,No
51869,Male,67,8,30.32,Month-to-Month,UPI,No
42955,Female,58,20,73.3,Month-to-Month,Debit Card,Yes
71388,Female,62,20,29.79,One Year,Net Banking,No
20207,Male,56,9,99.05,Month-to-Month,Debit Card,Yes
97329,Male,59,15,76.66,Month-to-Month,Debit Card,No
77628,Male,26,63,92.4,Month-to-Month,Net Banking,No
38220,Male,39,21,61.85,Month-to-Month,Credit Card,No
94050,Female,64,5,58.15,One Year,Credit Card,No
84085,Female,22,35,29.82,One Year,Credit Card,No
32031,Female,29,68,72.39,Month-to-Month,Credit Card,No
80721,Female,18,48,71.45,Month-to-Month,Debit Card,No
90807,Male,61,62,66.81,Month-to-Month,Credit Card,No
81312,Female,39,35,94.05,Month-to-Month,UPI,No
69766,Female,55,70,103.25,Month-to-Month,UPI,Yes
22449,Male,68,21,95.08,Month-to-Month,Credit Card,No
99833,Female,36,39,34.39,Month-to-Month,UPI,Yes
66699,Female,33,34,82.21,Month-to-Month,UPI,No
91253,Female,48,15,28.03,One Year,Net Banking,No
56092,Female,68,6,89.46,Two Year,Net Banking,Yes
73671,Male,20,66,58.18,Two Year,Credit Card,No
20350,Male,40,56,33.25,Month-to-Month,Debit Card,Yes
78487,Male,59,49,106.21,One Year,Debit Card,Yes
27622,Male,35,1,81.4,One Year,Net Banking,Yes
80263,Male,43,65,55.47,Two Year,Net Banking,No
63117,Female,30,28,23.07,Month-to-Month,Debit Card,Yes
68394,Female,35,20,73.73,One Year,Credit Card,Yes
33782,Male,20,48,112.32,Month-to-Month,Debit Card,No
38454,Male,40,65,79.64,One Year,Debit Card,Yes
77904,Male,20,51,117.17,Month-to-Month,UPI,No
25592,Female,42,43,33.65,One Year,Debit Card,No
32173,Male,44,49,76.83,Two Year,Net Banking,No
43204,Female,61,25,99.81,Month-to-Month,Credit Card,Yes
45596,Female,44,41,72.55,Month-to-Month,Debit Card,Yes
44324,Female,69,71,29.11,Month-to-Month,UPI,No
71202,Female,56,64,78.29,Month-to-Month,Net Banking,No
99400,Male,42,61,81.17,Month-to-Month,Net Banking,No
40750,Female,41,12,92.87,Month-to-Month,UPI,No
86112,Female,25,69,96.12,Two Year,Net Banking,Yes
26566,Male,26,14,97.08,Month-to-Month,UPI,No
17190,Female,63,34,86.34,One Year,Net Banking,No
98607,Female,54,48,41.58,Two Year,Net Banking,Yes
48333,Female,47,61,60.42,Two Year,Net Banking,No
90905,Male,36,35,97.61,One Year,Net Banking,No
99571,Female,33,65,115.34,Month-to-Month,UPI,No
11589,Female,41,59,27.89,One Year,Debit Card,No
35235,Male,61,36,73.55,Month-to-Month,Net Banking,No
10159,Male,38,19,51.25,Two Year,UPI,No
22145,Female,53,42,42.54,One Year,UPI,No
90909,Female,57,69,70.58,One Year,UPI,No
41921,Male,56,19,80.61,Month-to-Month,Debit Card,No
26237,Female,64,39,20.98,Month-to-Month,Credit Card,No
18244,Male,23,69,98.02,One Year,UPI,Yes
24743,Female,22,52,101.99,Two Year,UPI,No
56101,Male,31,12,116.55,Month-to-Month,UPI,Yes
94227,Female,62,47,38.06,Two Year,Debit Card,No
66378,Male,59,36,79.46,Month-to-Month,Net Banking,Yes
81126,Male,67,63,62.66,One Year,Debit Card,No
66071,Male,21,51,53.48,One Year,UPI,No
81121,Male,25,43,76.56,Month-to-Month,Credit Card,No
84763,Male,41,34,98.24,Month-to-Month,UPI,No
22237,Female,28,49,22.31,One Year,Net Banking,No
25649,Female,34,18,116.94,Month-to-Month,Credit Card,Yes
47713,Male,67,61,100.99,Month-to-Month,Credit Card,Yes
83463,Female,38,57,95.12,One Year,Debit Card,Yes
55409,Female,43,5,96.04,One Year,Debit Card,Yes
58766,Female,60,24,58.91,Month-to-Month,Net Banking,No
56154,Female,65,64,95.16,Month-to-Month,Debit Card,No
17016,Female,61,59,58.68,Month-to-Month,Net Banking,No
89563,Female,62,38,109.87,One Year,Credit Card,No
58688,Male,44,33,37.72,Month-to-Month,Credit Card,No
99678,Female,33,10,49.23,One Year,Credit Card,No
64238,Female,43,37,75.13,One Year,Net Banking,No
68608,Female,50,11,51.92,Month-to-Month,Debit Card,No
99081,Male,48,24,62.42,Month-to-Month,Debit Card,Yes
41897,Female,65,71,69.24,Two Year,Debit Card,Yes
60961,Female,64,21,105.64,Month-to-Month,UPI,Yes
78703,Female,23,20,72.32,One Year,Credit Card,No
54757,Male,61,10,56.25,Two Year,Credit Card,No
36917,Female,25,47,44.77,Two Year,UPI,No
32736,Male,24,47,60.87,Month-to-Month,Credit Card,No
37990,Female,51,15,71.57,Month-to-Month,Credit Card,No
72551,Male,61,44,94.61,Two Year,UPI,No
68161,Male,31,62,32.1,One Year,Credit Card,No
89623,Male,33,6,42.16,Month-to-Month,Debit Card,Yes
32440,Female,60,66,57.97,Month-to-Month,UPI,No
45205,Male,69,4,56.04,Month-to-Month,Credit Card,No
90811,Male,26,23,59.17,Two Year,Debit Card,Yes
65103,Male,27,13,99.35,Month-to-Month,Net Banking,No
80812,Male,34,31,52.42,One Year,Credit Card,Yes
51627,Female,29,16,70.19,One Year,UPI,No
29008,Female,23,41,82.39,One Year,Debit Card,No
81274,Female,36,1,43.22,One Year,Net Banking,No
42402,Female,60,12,91.87,Two Year,Net Banking,No
63384,Male,58,56,74.71,Month-to-Month,Credit Card,No
15793,Female,46,50,64.68,Month-to-Month,Net Banking,No
15571,Male,23,20,100.98,One Year,UPI,No
26209,Female,42,66,44.35,Month-to-Month,Net Banking,No
53148,Female,41,36,108.32,Month-to-Month,Credit Card,No
12224,Female,42,38,76.1,Month-to-Month,Net Banking,No
58695,Male,33,22,80.92,Month-to-Month,Credit Card,No
42441,Female,69,61,107.51,One Year,Net Banking,No
49129,Female,33,50,101.76,One Year,Debit Card,Yes
72368,Female,23,59,80.16,Month-to-Month,Credit Card,No
54760,Male,54,20,95.32,One Year,UPI,No
33478,Female,38,36,63.33,Month-to-Month,UPI,No
81854,Female,21,15,74.74,One Year,Net Banking,No
95716,Male,51,62,26.21,Month-to-Month,Debit Card,Yes
22180,Male,45,3,28.99,One Year,Net Banking,Yes
25372,Female,55,5,102.94,Month-to-Month,Net Banking,Yes
39796,Female,58,56,25.97,Month-to-Month,Debit Card,No
68272,Female,45,31,36.94,One Year,Credit Card,No
99963,Male,34,35,99.58,Month-to-Month,UPI,Yes
64040,Male,31,71,20.11,Two Year,Debit Card,No
85357,Male,24,70,48.24,One Year,Net Banking,Yes
81368,Female,39,26,78.4,Month-to-Month,Credit Card,No
88356,Male,68,1,79.54,One Year,Net Banking,Yes
26211,Female,18,7,97.72,Month-to-Month,Credit Card,Yes
15842,Male,46,36,70.59,Month-to-Month,UPI,No
73115,Male,69,25,70.94,Two Year,UPI,No
76852,Male,48,59,92.53,Month-to-Month,Credit Card,No
55968,Female,47,61,69.86,One Year,UPI,Yes
27508,Female,32,29,80.85,Month-to-Month,Net Banking,No
32005,Female,35,18,109.78,One Year,Credit Card,No
64575,Female,52,41,60.15,Month-to-Month,Net Banking,Yes
90742,Male,67,19,58.51,Month-to-Month,Credit Card,No
28971,Female,47,4,20.35,Two Year,Net Banking,No
35599,Male,51,65,81.34,Month-to-Month,UPI,Yes
97592,Female,59,41,22.98,One Year,Debit Card,Yes
76914,Female,28,15,70.41,Month-to-Month,Net Banking,Yes
77055,Male,44,54,100.42,Month-to-Month,Credit Card,No
97697,Male,41,64,74.99,One Year,UPI,No
15355,Female,52,15,46.96,Month-to-Month,Credit Card,Yes
64120,Female,56,50,98.62,Month-to-Month,Net Banking,No
84619,Male,25,22,46.97,Two Year,Credit Card,No
48342,Male,68,18,93.3,One Year,Credit Card,No
95992,Male,35,2,81.03,Month-to-Month,Net Banking,Yes
88860,Male,30,36,37.0,Month-to-Month,UPI,Yes
12257,Male,62,20,110.51,One Year,UPI,No
37364,Female,41,16,40.06,Two Year,Net Banking,No
34972,Female,68,67,118.96,Two Year,UPI,Yes
36654,Female,40,30,20.73,Two Year,Debit Card,Yes
90769,Female,29,55,46.35,Month-to-Month,Credit Card,No
91423,Male,66,66,39.99,Two Year,Net Banking,No
39320,Male,47,26,21.4,Two Year,Debit Card,No
30808,Male,48,57,93.24,Month-to-Month,Credit Card,No
62389,Female,45,69,89.34,Month-to-Month,Net Banking,No
44773,Male,39,2,99.24,Month-to-Month,UPI,Yes
61168,Male,61,56,45.67,One Year,Net Banking,Yes
37747,Female,45,62,64.43,Month-to-Month,Net Banking,Yes
86396,Female,30,34,85.91,Month-to-Month,Credit Card,No
93692,Female,42,56,63.98,Month-to-Month,Credit Card,No
67505,Male,61,55,89.73,Month-to-Month,Credit Card,Yes
95896,Male,68,20,83.4,Month-to-Month,Debit Card,Yes
28135,Female,63,50,31.46,One Year,UPI,Yes
57377,Female,24,25,98.1,Month-to-Month,Net Banking,No
33554,Male,62,25,92.07,Two Year,Net Banking,No
72491,Female,23,53,85.58,Two Year,UPI,Yes
65621,Male,41,14,35.51,Two Year,Net Banking,Yes
68283,Female,36,60,46.8,One Year,Credit Card,Yes
95140,Female,36,43,59.32,Month-to-Month,Net Banking,Yes
26923,Female,53,62,47.99,Month-to-Month,UPI,No
57591,Male,68,69,42.78,Month-to-Month,Debit Card,Yes
72261,Male,26,63,100.54,Two Year,Debit Card,No
64336,Female,65,2,83.82,Month-to-Month,UPI,Yes
84083,Male,53,54,76.55,Month-to-Month,Net Banking,No
70948,Female,55,16,42.6,One Year,Net Banking,Yes
43002,Female,57,55,111.81,Two Year,Debit Card,Yes
90098,Male,46,43,39.12,One Year,Net Banking,Yes
83016,Male,41,61,99.5,One Year,Debit Card,No
36672,Male,65,38,116.67,Month-to-Month,UPI,No
14213,Male,22,45,92.71,One Year,UPI,Yes
20293,Female,59,51,119.29,Month-to-Month,Net Banking,No
65860,Male,62,42,85.11,Two Year,Credit Card,Yes
72507,Male,43,24,41.75,Month-to-Month,Credit Card,Yes
67134,Female,31,30,40.38,Month-to-Month,Debit Card,No
12100,Female,56,37,52.46,Two Year,UPI,Yes
71997,Female,46,53,20.71,Month-to-Month,Debit Card,No
38172,Female,69,63,88.17,Two Year,UPI,No
30132,Male,23,11,46.87,Two Year,Debit Card,No
28199,Male,24,23,101.52,One Year,Debit Card,No
46609,Female,54,50,55.92,Month-to-Month,Debit Card,No
52965,Female,35,55,68.0,Month-to-Month,Net Banking,No
18016,Male,40,55,116.57,Two Year,Credit Card,No
49779,Male,61,4,44.22,Two Year,UPI,Yes
41881,Male,55,54,92.13,Month-to-Month,Debit Card,No
92594,Male,18,61,95.51,Month-to-Month,Credit Card,No
34472,Male,21,5,42.1,Month-to-Month,Debit Card,No
61813,Female,68,18,70.1,Two Year,Debit Card,No
46021,Female,61,44,55.02,Month-to-Month,UPI,Yes
64131,Female,64,31,97.19,Month-to-Month,Net Banking,Yes
34087,Female,52,21,82.25,One Year,Debit Card,Yes
22828,Male,40,47,67.6,Month-to-Month,UPI,No
71610,Female,44,30,97.94,Two Year,Net Banking,No
11401,Male,43,55,43.52,Month-to-Month,Net Banking,No
95179,Male,69,68,95.36,Month-to-Month,Credit Card,No
25193,Male,25,69,106.54,Month-to-Month,Credit Card,No
54864,Male,60,41,107.86,Month-to-Month,Debit Card,No
30307,Male,33,45,98.37,Month-to-Month,Credit Card,No
29611,Male,58,30,60.8,Month-to-Month,UPI,Yes
53791,Male,20,45,118.18,Month-to-Month,UPI,No
21950,Female,49,45,57.96,Two Year,Credit Card,Yes
86240,Male,22,45,83.86,Month-to-Month,UPI,Yes
87403,Female,37,55,36.11,Two Year,UPI,No
12745,Female,31,59,118.04,One Year,Debit Card,No
65243,Male,49,5,90.4,Month-to-Month,Debit Card,Yes
13866,Male,43,32,95.34,Month-to-Month,UPI,No
42245,Female,64,6,26.58,Month-to-Month,Credit Card,No
54724,Female,23,26,96.34,Month-to-Month,UPI,Yes
81354,Female,53,37,97.47,Month-to-Month,Net Banking,No
61374,Female,57,13,87.18,Month-to-Month,Net Banking,No
40116,Male,68,69,49.19,One Year,Net Banking,Yes
91029,Male,22,25,68.97,Month-to-Month,Debit Card,No
30447,Male,30,13,31.04,Month-to-Month,Credit Card,Yes
40431,Female,49,20,67.16,Month-to-Month,UPI,Yes
27908,Male,33,60,44.38,One Year,Credit Card,Yes
39336,Female,18,21,54.91,Month-to-Month,Credit Card,Yes
50992,Male,30,61,36.26,Two Year,Credit Card,No
65350,Female,28,26,43.01,Month-to-Month,Net Banking,No
79561,Male,25,54,27.66,Two Year,UPI,No
61955,Male,42,42,111.99,Month-to-Month,Debit Card,No
71240,Female,57,11,73.04,Two Year,Credit Card,Yes
30093,Female,49,37,59.67,One Year,Credit Card,Yes
16155,Female,41,11,73.5,Month-to-Month,Net Banking,Yes
56607,Female,45,27,82.83,Month-to-Month,Net Banking,Yes
43487,Female,31,34,112.19,Month-to-Month,UPI,No
65668,Male,62,38,37.87,Two Year,Debit Card,No
30963,Female,20,61,49.56,One Year,Debit Card,No
60124,Male,53,53,117.58,Month-to-Month,Net Banking,No
62870,Male,44,65,57.12,Month-to-Month,UPI,No
66547,Male,37,3,22.26,Month-to-Month,Credit Card,Yes
74110,Male,64,67,34.76,One Year,UPI,Yes
63554,Male,32,28,22.63,One Year,Debit Card,No
30936,Female,44,14,118.99,Month-to-Month,Net Banking,No
14426,Female,62,52,47.89,Month-to-Month,Credit Card,No
98839,Male,58,30,112.35,Month-to-Month,Credit Card,No
37606,Male,45,58,119.59,Month-to-Month,Debit Card,No
57832,Female,42,54,79.98,Month-to-Month,Credit Card,No
38151,Female,59,69,23.32,Month-to-Month,UPI,No
89303,Male,61,15,28.16,Month-to-Month,Debit Card,Yes
21308,Female,63,38,68.16,Two Year,Debit Card,No
72522,Female,50,14,60.62,One Year,Credit Card,No
55671,Female,63,57,80.62,Two Year,Debit Card,No
12204,Male,31,59,63.88,Month-to-Month,Net Banking,Yes
97265,Female,25,8,113.41,Two Year,UPI,Yes
41131,Male,65,19,73.47,One Year,Debit Card,No
62428,Male,31,32,89.37,Month-to-Month,Net Banking,No
43870,Male,18,29,109.65,Month-to-Month,Credit Card,No
59067,Male,33,41,34.69,One Year,Debit Card,No
68585,Male,35,45,42.97,Two Year,Net Banking,No
31607,Female,24,13,30.73,Month-to-Month,Credit Card,Yes
34968,Male,32,27,33.96,Month-to-Month,Net Banking,Yes
21908,Male,41,19,71.26,One Year,Credit Card,Yes
36423,Male,66,26,52.12,Two Year,UPI,No
84707,Female,68,53,62.32,One Year,Debit Card,No
88257,Female,30,51,118.25,Month-to-Month,UPI,Yes
71215,Female,26,37,35.67,Month-to-Month,UPI,No
65835,Female,32,9,74.08,Month-to-Month,Debit Card,Yes
59429,Female,52,52,29.89,Two Year,UPI,No
92152,Female,41,54,51.85,One Year,UPI,No
48458,Female,50,3,72.75,Month-to-Month,Net Banking,Yes
56169,Male,33,69,114.66,Month-to-Month,Credit Card,Yes
17659,Male,25,8,59.12,Two Year,UPI,No
70614,Female,46,14,26.49,One Year,Debit Card,Yes
87240,Male,40,3,58.82,Two Year,Net Banking,No
42793,Male,62,24,34.57,Month-to-Month,Credit Card,Yes
56473,Female,48,13,43.0,One Year,UPI,Yes
99388,Male,57,43,81.81,One Year,UPI,Yes
98330,Male,66,29,26.74,Month-to-Month,Debit Card,No
65751,Female,31,51,66.47,Two Year,UPI,No
88915,Male,47,42,80.95,Month-to-Month,Debit Card,Yes
64254,Female,56,31,62.19,One Year,UPI,Yes
17006,Female,44,63,21.91,Two Year,UPI,No
84218,Male,64,26,118.55,Month-to-Month,Debit Card,Yes
75344,Male,33,18,56.71,One Year,Credit Card,Yes
43840,Male,68,57,97.86,Month-to-Month,Net Banking,No
42430,Female,23,7,52.56,One Year,Debit Card,No
33091,Female,50,48,67.5,Two Year,Credit Card,Yes
42983,Female,61,60,58.85,One Year,Credit Card,No
33989,Male,35,33,54.25,One Year,Debit Card,No
85451,Male,33,3,22.19,Month-to-Month,Net Banking,No
28990,Female,29,4,56.0,Month-to-Month,Debit Card,Yes
90360,Male,37,4,108.95,Month-to-Month,UPI,Yes
46081,Male,62,42,89.04,One Year,UPI,Yes
21033,Female,57,9,34.54,Month-to-Month,Credit Card,No
26241,Female,46,51,79.12,One Year,UPI,Yes
15939,Male,47,17,109.22,Month-to-Month,Net Banking,No
57562,Female,43,17,90.0,One Year,Debit Card,No
45063,Male,39,20,34.87,Month-to-Month,Net Banking,No
86721,Female,50,14,106.78,One Year,Credit Card,Yes
37045,Female,56,22,50.15,One Year,UPI,No
54769,Female,64,52,65.41,Two Year,UPI,No
57118,Male,46,27,72.61,One Year,Debit Card,Yes
94703,Male,39,43,105.05,One Year,Net Banking,No
31625,Female,62,3,113.16,Two Year,Net Banking,Yes
37076,Female,30,8,112.97,One Year,Debit Card,Yes
74805,Female,26,10,20.8,Month-to-Month,UPI,No
54605,Male,41,29,112.19,Two Year,Credit Card,Yes
94565,Female,32,40,25.44,One Year,Credit Card,Yes
98509,Female,53,65,46.58,Month-to-Month,Debit Card,Yes
49121,Female,30,21,71.5,One Year,Debit Card,No
75101,Female,44,24,67.99,Two Year,Debit Card,No
41433,Male,61,60,80.47,Two Year,Net Banking,Yes
53309,Male,54,26,67.94,Two Year,UPI,No
77468,Female,24,9,113.44,Month-to-Month,UPI,Yes
54254,Male,25,20,44.05,Month-to-Month,Debit Card,No
77293,Male,54,56,47.4,Month-to-Month,Credit Card,No
47853,Male,58,36,112.07,Month-to-Month,Net Banking,No
48405,Female,31,36,27.67,Two Year,Debit Card,Yes
76652,Male,29,22,80.96,Month-to-Month,Net Banking,No
53527,Male,53,1,88.17,One Year,Debit Card,Yes
87227,Male,69,69,70.55,One Year,Net Banking,No
10492,Female,57,37,89.42,One Year,Credit Card,No
18811,Female,34,13,37.28,Month-to-Month,Credit Card,No
34272,Male,57,43,105.26,Month-to-Month,Credit Card,No
82010,Male,46,37,34.0,Month-to-Month,Credit Card,No
57153,Female,44,25,60.08,Month-to-Month,UPI,No
64110,Female,18,21,27.53,Two Year,UPI,No
23979,Male,69,41,74.52,One Year,Net Banking,No
38328,Male,51,42,86.97,Month-to-Month,Debit Card,No
22867,Female,21,42,114.12,Two Year,UPI,No
69234,Female,41,2,93.93,Month-to-Month,Debit Card,Yes
35851,Male,38,68,74.11,One Year,Net Banking,Yes
41279,Female,50,8,113.26,Month-to-Month,Debit Card,Yes
83402,Male,24,61,67.84,One Year,Credit Card,Yes
25449,Male,18,14,76.12,Month-to-Month,Credit Card,No
86221,Male,58,21,79.61,Month-to-Month,UPI,No
99080,Female,20,24,61.0,Month-to-Month,Net Banking,No
15451,Male,61,50,103.85,Month-to-Month,UPI,No
97178,Male,68,45,38.52,One Year,UPI,No
51316,Female,32,64,75.48,Month-to-Month,UPI,No
73064,Female,48,64,92.22,One Year,Net Banking,Yes
73761,Male,33,26,110.4,One Year,Credit Card,No
48870,Male,27,32,108.39,One Year,Credit Card,No
40873,Female,46,57,70.87,One Year,UPI,Yes
68627,Female,23,53,84.32,Month-to-Month,Debit Card,No
76155,Female,46,33,59.42,Month-to-Month,Credit Card,Yes
35372,Male,34,52,66.82,Two Year,Credit Card,No
13642,Male,39,18,110.63,One Year,Net Banking,No
38001,Male,41,35,113.07,One Year,Credit Card,No
44064,Female,34,12,109.54,One Year,Credit Card,No
24122,Male,38,51,33.84,Month-to-Month,UPI,No
34820,Female,68,10,105.01,One Year,UPI,Yes
78431,Male,67,52,114.84,Two Year,Net Banking,Yes
65745,Female,28,34,56.12,Month-to-Month,Net Banking,Yes
60081,Male,24,67,71.86,Two Year,Debit Card,No
80902,Male,59,39,97.91,Month-to-Month,Credit Card,Yes
18711,Female,56,8,76.21,Month-to-Month,UPI,Yes
95132,Female,22,29,119.35,Two Year,UPI,No
28793,Male,61,22,65.57,One Year,Credit Card,No
18199,Female,65,70,91.39,Two Year,Net Banking,No
86253,Female,38,61,99.26,Two Year,UPI,Yes
46191,Male,35,43,69.41,Month-to-Month,Net Banking,No
20211,Female,52,49,105.7,One Year,UPI,No
73069,Male,37,29,74.62,Month-to-Month,UPI,No
98896,Male,32,31,61.17,Month-to-Month,Debit Card,No
66746,Female,22,53,30.78,Month-to-Month,UPI,No
31542,Female,30,34,59.34,One Year,Credit Card,No
41312,Male,68,38,93.39,Month-to-Month,Credit Card,No
55242,Male,29,57,112.13,One Year,Credit Card,Yes
97893,Male,38,4,45.17,One Year,Net Banking,No
65388,Male,54,2,55.52,Month-to-Month,UPI,No
37691,Male,23,12,35.4,One Year,Net Banking,Yes
87960,Male,24,35,89.07,Month-to-Month,Debit Card,No
94388,Female,43,70,116.02,Month-to-Month,UPI,No
32601,Female,59,21,84.1,One Year,Credit Card,No
28020,Female,65,61,81.71,Month-to-Month,Debit Card,Yes
18155,Male,25,35,75.35,Two Year,Debit Card,No
79119,Female,26,48,28.85,One Year,UPI,Yes
91051,Male,44,15,92.95,Month-to-Month,Credit Card,No
46777,Male,21,71,80.2,One Year,Net Banking,Yes
29710,Female,38,15,86.15,Month-to-Month,UPI,Yes
34532,Male,48,6,109.88,Month-to-Month,Credit Card,Yes
28601,Male,38,68,98.4,Month-to-Month,Debit Card,No
73227,Male,57,22,98.09,Month-to-Month,UPI,No
14967,Male,42,32,112.72,Month-to-Month,Debit Card,Yes
94289,Male,56,22,118.99,Two Year,Credit Card,Yes
30022,Male,32,27,78.13,Month-to-Month,Net Banking,No
53463,Female,52,15,30.89,One Year,Net Banking,No
84671,Male,66,44,65.91,Month-to-Month,Debit Card,No
15722,Male,60,9,98.76,Month-to-Month,Debit Card,Yes
37413,Male,58,34,22.77,Month-to-Month,Debit Card,No
91050,Male,54,15,25.69,One Year,UPI,Yes
95867,Female,59,62,26.72,Month-to-Month,Credit Card,No
93596,Female,64,45,93.1,Month-to-Month,Debit Card,No
76732,Male,45,58,70.12,Month-to-Month,Debit Card,No
22297,Male,31,19,56.89,One Year,Debit Card,No
78323,Male,21,16,30.56,Month-to-Month,Net Banking,No
33816,Female,37,8,93.22,One Year,Debit Card,Yes
50695,Female,51,33,52.1,Month-to-Month,Credit Card,No
29702,Female,29,18,46.53,One Year,Net Banking,Yes
35242,Female,50,35,85.23,Month-to-Month,Credit Card,No
65841,Male,41,43,75.9,Month-to-Month,Net Banking,No
77712,Female,37,50,56.24,Month-to-Month,Net Banking,No
95663,Female,22,3,84.15,Two Year,UPI,Yes
63574,Male,55,59,47.12,Month-to-Month,Net Banking,No
95744,Male,47,28,99.48,Two Year,Net Banking,No
38482,Female,41,46,42.93,Month-to-Month,Credit Card,Yes
19171,Female,60,64,35.88,Month-to-Month,Credit Card,No
13696,Female,57,70,98.24,Month-to-Month,Debit Card,No
30058,Female,24,47,90.79,Month-to-Month,UPI,No
30313,Male,53,14,38.26,Two Year,Net Banking,No
29149,Male,55,7,31.62,One Year,UPI,Yes
63521,Female,33,31,103.84,One Year,Debit Card,No
55740,Female,69,51,97.66,One Year,UPI,No
14956,Female,32,29,52.73,Month-to-Month,Net Banking,No
85731,Female,63,15,85.82,Two Year,Credit Card,Yes
92612,Female,40,25,32.42,Month-to-Month,UPI,Yes
76641,Male,29,61,70.7,One Year,Net Banking,Yes
73811,Male,46,41,21.87,Month-to-Month,Debit Card,No
62160,Male,61,69,59.16,Two Year,Net Banking,Yes
61313,Female,65,4,27.48,One Year,UPI,Yes
73232,Female,32,57,67.51,Two Year,Net Banking,No
25417,Male,46,31,62.17,Month-to-Month,Net Banking,No
34729,Male,62,3,64.44,Month-to-Month,UPI,Yes
40099,Female,60,67,24.53,Month-to-Month,UPI,Yes
39961,Male,66,50,56.16,One Year,Debit Card,Yes
22602,Female,38,17,95.65,One Year,Net Banking,No
19256,Female,32,60,56.89,Month-to-Month,Credit Card,Yes
96120,Male,31,66,91.52,Month-to-Month,UPI,No
44681,Male,59,24,56.95,Month-to-Month,Net Banking,Yes
97440,Male,61,32,62.32,Two Year,Credit Card,Yes
74789,Female,33,19,76.39,Month-to-Month,Credit Card,No
53361,Female,32,66,115.07,One Year,Net Banking,Yes
74503,Male,59,60,30.89,Month-to-Month,Net Banking,Yes
44540,Female,21,66,23.29,Month-to-Month,Net Banking,No
36536,Female,44,15,80.8,Two Year,Credit Card,No
94700,Female,40,35,114.91,Month-to-Month,Net Banking,No
73043,Male,46,69,118.97,Month-to-Month,UPI,Yes
88532,Female,58,27,68.42,Month-to-Month,Credit Card,No
66575,Male,69,7,66.81,Month-to-Month,UPI,No
12871,Male,26,6,84.5,One Year,UPI,Yes
56002,Female,69,33,75.56,Month-to-Month,Net Banking,No
59812,Male,60,58,83.41,One Year,UPI,No
32626,Female,60,49,107.4,Month-to-Month,Net Banking,Yes
69979,Male,24,17,94.63,Two Year,Credit Card,Yes
86057,Male,59,42,69.69,One Year,UPI,Yes
76668,Female,21,40,66.19,Two Year,Net Banking,No
90070,Male,22,46,83.96,Two Year,Debit Card,No
99390,Male,22,71,65.57,Month-to-Month,Net Banking,No
52998,Male,28,70,65.78,Month-to-Month,Debit Card,Yes
73814,Female,58,68,21.63,One Year,Net Banking,No
55607,Female,45,1,37.41,Month-to-Month,Debit Card,No
17812,Male,33,52,68.85,Month-to-Month,UPI,No
71844,Male,58,35,102.27,Month-to-Month,Debit Card,No
80093,Male,47,69,47.87,Month-to-Month,UPI,No
12179,Female,21,5,72.26,Month-to-Month,UPI,Yes
53798,Female,19,17,54.5,Month-to-Month,Net Banking,No
84601,Male,63,53,30.48,Month-to-Month,UPI,No
18275,Female,20,52,115.83,One Year,Credit Card,No
60574,Female,67,14,105.47,Month-to-Month,Debit Card,No
57857,Female,38,29,27.85,Two Year,Net Banking,No
30700,Female,23,8,91.98,Month-to-Month,UPI,Yes
49464,Male,60,1,54.76,One Year,Debit Card,No
52351,Female,35,29,119.48,Month-to-Month,Debit Card,Yes
92534,Female,61,36,50.24,Month-to-Month,Credit Card,Yes
23869,Male,22,51,43.87,Month-to-Month,Debit Card,Yes
70315,Male,26,37,76.79,Month-to-Month,Net Banking,No
30954,Female,37,69,103.51,Two Year,Net Banking,Yes
41555,Female,45,53,39.25,One Year,UPI,No
73353,Male,43,52,90.94,Month-to-Month,UPI,No
92190,Male,35,12,26.14,Month-to-Month,Net Banking,No
55026,Male,36,52,111.89,Month-to-Month,Debit Card,Yes
56976,Female,20,1,28.11,Month-to-Month,Debit Card,Yes
90578,Female,26,7,111.42,Month-to-Month,Credit Card,Yes
55095,Male,53,17,69.08,Two Year,UPI,Yes
24270,Female,48,43,64.81,Month-to-Month,Debit Card,No
40908,Male,66,71,117.33,One Year,Debit Card,No
25523,Female,34,17,119.04,One Year,UPI,Yes
72433,Male,40,59,85.02,One Year,Net Banking,No
57068,Male,51,3,32.71,Month-to-Month,Debit Card,No
29991,Female,58,29,70.62,One Year,Credit Card,No
20775,Female,58,22,72.92,Two Year,Debit Card,No
87801,Female,22,38,71.44,Month-to-Month,Debit Card,No
94995,Female,32,54,76.95,Month-to-Month,Credit Card,No
71250,Female,64,50,21.87,Two Year,Net Banking,No
26673,Female,20,69,91.12,One Year,Credit Card,No
37056,Male,36,30,91.24,Month-to-Month,Credit Card,No
16614,Female,45,23,31.55,Month-to-Month,UPI,No
17415,Male,20,47,77.02,Month-to-Month,Debit Card,No
98691,Male,55,21,76.84,Month-to-Month,Net Banking,No
53884,Female,21,20,88.25,Month-to-Month,Debit Card,Yes
26964,Male,41,23,28.54,Month-to-Month,Net Banking,No
47726,Male,48,68,82.65,One Year,Credit Card,No
47044,Female,62,21,48.08,One Year,UPI,No
67149,Female,62,21,70.7,Two Year,Credit Card,Yes
47544,Female,28,1,97.33,Month-to-Month,Debit Card,Yes
59976,Male,54,15,90.56,One Year,UPI,Yes
42252,Female,18,17,31.89,Month-to-Month,UPI,Yes
13832,Female,26,51,79.12,Month-to-Month,Debit Card,No
90437,Female,34,63,116.91,Two Year,Net Banking,No
44148,Female,18,14,35.68,Month-to-Month,UPI,Yes
71240,Male,20,59,105.29,Month-to-Month,Net Banking,No
98454,Female,64,50,90.25,Month-to-Month,Net Banking,No
95076,Male,43,34,97.4,Month-to-Month,Net Banking,No
87116,Female,48,6,48.2,One Year,UPI,No
63459,Male,43,49,48.79,Two Year,Credit Card,Yes
48402,Male,40,6,110.6,One Year,UPI,Yes
67727,Male,47,69,55.98,Two Year,Credit Card,No
48578,Female,27,7,26.3,One Year,UPI,No
32318,Male,25,51,80.06,Two Year,Credit Card,No
85715,Female,61,1,32.48,Month-to-Month,Credit Card,No
87787,Female,42,13,99.66,Two Year,UPI,No
95029,Female,39,43,84.17,Month-to-Month,Net Banking,No
30466,Female,32,27,107.47,Two Year,Net Banking,No
55475,Female,58,71,98.48,Month-to-Month,Credit Card,No
70142,Male,27,3,31.21,One Year,Debit Card,No
95160,Female,37,58,58.11,One Year,Debit Card,No
36564,Male,58,17,97.46,Two Year,UPI,No
32412,Male,64,45,61.73,One Year,UPI,No
61001,Male,40,58,117.24,Month-to-Month,UPI,Yes
67649,Male,18,56,93.57,Month-to-Month,Debit Card,No
70957,Male,19,54,21.55,Month-to-Month,Net Banking,No
45517,Male,36,29,108.0,Month-to-Month,UPI,Yes
23156,Male,31,54,30.08,Month-to-Month,UPI,No
33064,Female,25,27,34.05,Month-to-Month,Net Banking,No
35711,Male,55,45,93.45,Month-to-Month,Credit Card,Yes
40106,Female,29,31,106.5,Two Year,UPI,No
75458,Male,43,36,73.63,Two Year,Debit Card,No
26589,Male,44,61,48.9,Month-to-Month,Debit Card,No
99272,Male,46,37,55.13,Month-to-Month,UPI,Yes
96511,Male,32,67,54.29,Month-to-Month,Debit Card,Yes
17214,Female,63,36,52.67,Month-to-Month,Net Banking,Yes
95731,Female,18,5,44.29,Month-to-Month,Credit Card,Yes
37127,Female,60,46,80.89,Month-to-Month,Credit Card,Yes
15141,Male,45,52,110.04,Month-to-Month,UPI,No
38884,Male,20,49,50.71,Month-to-Month,UPI,No
12708,Male,68,6,38.67,Month-to-Month,Credit Card,No
28375,Female,35,10,103.86,Month-to-Month,Credit Card,Yes
25088,Male,69,23,94.18,One Year,UPI,No
67615,Female,51,17,113.08,One Year,Debit Card,No
55046,Female,49,44,36.55,Month-to-Month,UPI,No
20014,Male,46,41,34.43,Month-to-Month,Net Banking,No
74425,Male,42,15,74.14,Month-to-Month,UPI,No
13273,Female,43,44,81.44,Month-to-Month,UPI,Yes
57135,Female,56,58,68.02,Month-to-Month,UPI,No
40881,Female,25,50,79.9,Month-to-Month,UPI,No
88077,Male,36,52,38.04,Month-to-Month,UPI,No
18712,Male,64,70,67.96,Month-to-Month,UPI,No
84704,Male,59,68,85.81,One Year,Debit Card,No
62874,Male,39,63,63.27,Month-to-Month,UPI,Yes
79087,Male,46,58,87.94,Month-to-Month,Credit Card,No
22297,Male,50,23,65.12,Month-to-Month,UPI,Yes
37128,Female,55,44,53.36,Month-to-Month,Debit Card,Yes
78368,Female,62,44,50.36,Two Year,Net Banking,Yes
97599,Female,63,52,61.09,One Year,Credit Card,No
98499,Male,52,67,22.31,Month-to-Month,UPI,No
88958,Female,60,28,86.85,One Year,UPI,No
42920,Male,20,67,104.51,One Year,Credit Card,No
21156,Male,36,18,55.46,Month-to-Month,UPI,No
21108,Female,27,27,24.6,Month-to-Month,Debit Card,No
41845,Male,44,51,118.68,Two Year,UPI,No
12800,Female,32,60,46.37,Month-to-Month,Net Banking,Yes
52712,Female,28,49,32.66,Month-to-Month,Debit Card,Yes
12610,Male,64,15,56.98,Month-to-Month,UPI,No
87603,Female,43,68,93.86,One Year,Net Banking,No
43872,Female,41,15,49.39,Two Year,Credit Card,Yes
20728,Female,30,51,77.47,One Year,Debit Card,No
30583,Female,49,48,61.56,One Year,UPI,No
95774,Male,54,1,31.78,Two Year,UPI,No
17263,Female,21,7,53.03,One Year,Credit Card,No
77450,Female,30,53,92.49,One Year,Credit Card,No
99285,Female,26,31,81.2,Two Year,Debit Card,No
29456,Male,66,18,31.98,Month-to-Month,Debit Card,No
75942,Female,51,12,36.33,One Year,Debit Card,No
23689,Male,54,48,84.07,One Year,UPI,Yes
42934,Female,65,30,101.34,Two Year,UPI,No
43276,Female,24,7,54.95,Two Year,Debit Card,No
29873,Female,18,3,79.53,One Year,UPI,Yes
23050,Male,29,63,37.06,Two Year,Credit Card,Yes
76216,Male,38,6,51.14,Month-to-Month,Net Banking,Yes
94444,Male,28,15,22.03,Month-to-Month,UPI,Yes
94040,Male,61,71,96.83,Month-to-Month,Debit Card,No
31644,Male,68,43,60.1,Month-to-Month,UPI,No
72021,Male,61,18,101.61,Month-to-Month,Credit Card,No
47125,Female,61,22,90.84,Month-to-Month,Debit Card,Yes
76899,Male,31,61,102.87,Month-to-Month,Net Banking,No
52291,Female,51,61,48.57,Two Year,Debit Card,Yes
45060,Male,51,53,38.51,Month-to-Month,Debit Card,No
11538,Male,42,26,117.19,Two Year,Debit Card,No
46176,Male,21,40,91.73,Two Year,UPI,No
51520,Female,69,8,103.4,Month-to-Month,Net Banking,Yes
35675,Male,43,21,21.31,Month-to-Month,Credit Card,No
28287,Male,33,43,55.45,One Year,UPI,Yes
10174,Female,27,21,94.28,One Year,Net Banking,Yes
44998,Female,62,3,27.8,Month-to-Month,Net Banking,Yes
63312,Female,19,31,76.73,Month-to-Month,UPI,No
22112,Female,52,27,62.91,Month-to-Month,Debit Card,No
85225,Male,36,27,21.76,Month-to-Month,Net Banking,No
54814,Female,23,57,43.6,Month-to-Month,Credit Card,No
95091,Male,36,33,48.48,Month-to-Month,UPI,Yes
60719,Male,69,44,31.19,One Year,Net Banking,No
43919,Female,68,43,83.15,Two Year,Credit Card,No
83155,Male,25,31,44.24,One Year,Credit Card,No
81569,Female,31,65,47.76,Two Year,Credit Card,No
51328,Male,27,17,109.82,One Year,Credit Card,No
80482,Female,20,15,66.71,One Year,UPI,No
34618,Female,55,34,59.21,Month-to-Month,Credit Card,Yes
44675,Female,46,4,92.39,Month-to-Month,UPI,Yes
28919,Female,32,28,110.96,One Year,Credit Card,No
14173,Female,40,2,22.5,Two Year,Credit Card,No
36400,Female,40,17,64.82,Month-to-Month,UPI,No
60445,Male,35,58,81.08,Month-to-Month,Debit Card,No
80305,Male,63,9,51.86,One Year,Net Banking,No
47564,Male,36,31,97.24,Month-to-Month,Net Banking,No
55814,Female,45,66,117.15,Month-to-Month,UPI,No
89747,Male,43,62,114.34,One Year,Credit Card,Yes
98791,Female,27,19,46.6,Month-to-Month,UPI,Yes
37962,Male,64,55,42.63,One Year,Credit Card,No
94892,Male,21,28,115.75,Two Year,UPI,No
95842,Female,19,50,65.86,Month-to-Month,Net Banking,No
80533,Male,20,65,40.83,Month-to-Month,UPI,No
66184,Male,24,3,90.7,Month-to-Month,Net Banking,Yes
92912,Male,33,52,48.44,Month-to-Month,Net Banking,No
20578,Female,48,10,46.72,One Year,Net Banking,Yes
28624,Male,27,21,107.92,Month-to-Month,UPI,No
49194,Female,36,37,36.25,Month-to-Month,Debit Card,No
10389,Male,45,15,26.44,Month-to-Month,UPI,Yes
77391,Male,34,9,46.92,Month-to-Month,UPI,No
23794,Male,45,44,80.69,Month-to-Month,Debit Card,Yes
68002,Male,36,39,32.31,One Year,Debit Card,No
45531,Female,54,5,67.16,Month-to-Month,Net Banking,Yes
62815,Male,40,25,82.73,Month-to-Month,Credit Card,No
14986,Female,37,56,104.87,Month-to-Month,Credit Card,No
42298,Female,30,64,42.99,Two Year,Net Banking,No
11481,Male,30,52,101.73,Month-to-Month,UPI,No
66408,Male,60,9,43.49,One Year,Credit Card,No
79267,Female,28,10,87.68,Month-to-Month,UPI,Yes
26835,Female,65,10,63.07,One Year,Debit Card,Yes
37798,Male,32,62,31.47,Month-to-Month,Debit Card,Yes
74887,Male,34,60,91.43,Two Year,Net Banking,No
29477,Male,67,19,41.78,One Year,UPI,No
27266,Male,45,38,37.66,One Year,Net Banking,No
96328,Male,36,6,55.83,Month-to-Month,Credit Card,Yes
95988,Female,21,15,85.33,One Year,Credit Card,Yes
53526,Male,39,47,43.4,One Year,Credit Card,No
21889,Male,39,45,38.37,Month-to-Month,UPI,No
34335,Female,54,5,21.0,Month-to-Month,Net Banking,Yes
21254,Male,56,53,67.16,One Year,Net Banking,No
96610,Male,51,66,62.86,Month-to-Month,Credit Card,No
21442,Female,50,62,43.39,One Year,Net Banking,No
56289,Male,61,23,25.37,Month-to-Month,Debit Card,Yes
63747,Female,59,44,62.93,Month-to-Month,Debit Card,No
47327,Male,57,52,98.82,One Year,Debit Card,No
26199,Male,50,46,91.53,Month-to-Month,Debit Card,No
82827,Male,29,19,106.08,Two Year,Net Banking,No
10112,Female,19,47,20.96,Two Year,Debit Card,No
97051,Female,45,52,116.64,One Year,Debit Card,No
29581,Female,27,24,54.14,One Year,Debit Card,No
69722,Female,39,17,119.04,Two Year,Debit Card,No
26523,Male,34,46,45.26,Month-to-Month,Debit Card,Yes
76960,Female,43,64,67.15,One Year,UPI,No
29552,Female,20,28,55.39,Month-to-Month,UPI,No
20808,Female,24,50,55.58,Month-to-Month,Debit Card,No
82525,Male,61,64,104.23,Month-to-Month,Debit Card,No
33620,Male,25,28,94.64,One Year,Net Banking,Yes
10887,Female,37,56,119.22,Month-to-Month,Debit Card,No
41802,Female,29,59,81.35,Month-to-Month,Credit Card,No
95024,Male,52,5,66.33,One Year,UPI,No
91938,Female,34,54,29.01,Month-to-Month,Debit Card,No
96741,Female,45,44,119.66,One Year,UPI,No
36049,Female,58,42,75.15,One Year,Debit Card,No
87789,Female,27,57,90.05,Month-to-Month,Credit Card,Yes
94526,Male,39,47,60.67,Month-to-Month,Debit Card,No
17846,Male,55,25,74.77,One Year,UPI,Yes
56220,Male,50,44,114.26,Month-to-Month,UPI,No
56163,Female,39,15,36.64,Month-to-Month,UPI,Yes
13765,Female,61,51,49.24,Month-to-Month,Net Banking,Yes
91486,Male,54,53,35.21,Month-to-Month,UPI,Yes
55270,Male,30,34,99.22,Month-to-Month,Debit Card,No
85277,Male,44,8,26.2,Month-to-Month,Credit Card,Yes
98278,Female,32,70,28.16,One Year,Credit Card,Yes
32931,Male,39,21,49.85,Month-to-Month,Debit Card,No
99116,Female,47,7,71.42,One Year,Net Banking,Yes
65633,Female,60,56,60.63,Month-to-Month,Debit Card,No
90702,Male,57,49,24.48,Month-to-Month,UPI,No
61913,Male,54,42,115.75,One Year,Net Banking,No
35991,Female,51,23,115.29,One Year,Debit Card,No
64845,Male,61,52,47.94,One Year,Net Banking,No
65312,Male,51,53,93.15,One Year,Credit Card,No
20561,Female,65,16,77.86,One Year,Debit Card,No
26901,Female,52,37,43.75,Month-to-Month,Debit Card,Yes
72875,Female,59,18,46.22,One Year,Credit Card,No
35917,Female,36,20,69.12,One Year,Net Banking,No
72120,Female,25,46,61.92,Two Year,Credit Card,Yes
11988,Male,56,2,49.12,One Year,Net Banking,Yes
24256,Female,50,63,100.75,One Year,Debit Card,Yes
97728,Female,61,3,68.15,Month-to-Month,Net Banking,No
38230,Female,45,46,85.48,Two Year,Net Banking,No
69778,Male,54,49,38.93,Two Year,UPI,No
55833,Female,65,1,73.35,One Year,UPI,Yes
32625,Female,42,22,51.8,One Year,UPI,Yes
42088,Female,53,14,72.64,Month-to-Month,Credit Card,No
89650,Male,34,45,98.08,One Year,Credit Card,Yes
51167,Female,41,6,96.89,One Year,UPI,Yes
81291,Female,38,65,55.42,One Year,Debit Card,No
75303,Female,19,21,89.43,Month-to-Month,Debit Card,No
86361,Male,48,4,114.13,One Year,Debit Card,Yes
98229,Male,61,3,82.57,Month-to-Month,Credit Card,Yes
14117,Male,50,30,34.84,One Year,Net Banking,No
70710,Male,47,31,87.97,Month-to-Month,Credit Card,No
77054,Female,29,34,30.49,One Year,UPI,No
40949,Female,61,20,107.21,Month-to-Month,Net Banking,No
32547,Male,29,54,71.67,Month-to-Month,Debit Card,No
91882,Male,68,25,58.51,One Year,Credit Card,No
78136,Female,66,15,25.7,Month-to-Month,Credit Card,No
74619,Female,69,38,58.08,One Year,UPI,No
71842,Male,41,23,110.32,Two Year,Debit Card,Yes
36990,Male,41,52,22.1,Two Year,Credit Card,Yes
26193,Male,28,66,67.46,Month-to-Month,Credit Card,No
40109,Male,30,57,113.12,One Year,Net Banking,Yes
29233,Female,44,57,59.48,Month-to-Month,Credit Card,Yes
91730,Male,25,52,62.82,Two Year,Net Banking,Yes
44510,Male,27,35,77.86,One Year,Credit Card,No
11306,Female,25,14,66.29,Month-to-Month,Debit Card,No
13849,Female,37,14,36.86,Month-to-Month,UPI,Yes
22360,Female,25,33,21.86,Month-to-Month,Debit Card,Yes
55800,Female,26,52,80.98,One Year,UPI,No
46963,Female,24,1,112.08,Month-to-Month,Credit Card,Yes
64330,Male,31,34,30.64,One Year,Debit Card,Yes
61707,Male,45,19,41.1,One Year,Net Banking,Yes
28689,Male,19,24,57.02,Two Year,UPI,No
39084,Female,60,4,100.87,Two Year,UPI,Yes
50387,Male,25,36,46.93,Month-to-Month,Credit Card,No
84816,Female,30,58,108.21,One Year,UPI,No
12642,Male,38,32,25.5,One Year,UPI,No
52137,Male,64,9,114.1,Two Year,UPI,Yes
89832,Female,45,67,76.07,Month-to-Month,Credit Card,Yes
65561,Female,52,20,85.88,Month-to-Month,Debit Card,No
72260,Male,40,62,56.77,Month-to-Month,Credit Card,No
25438,Male,63,58,98.2,Month-to-Month,Net Banking,No
58442,Male,32,22,36.66,Month-to-Month,UPI,No
12994,Male,19,67,24.89,Month-to-Month,UPI,No
11813,Male,68,48,59.55,One Year,Debit Card,No
94381,Female,29,8,105.37,Month-to-Month,UPI,Yes
65276,Female,69,15,95.49,One Year,Debit Card,Yes
51243,Female,53,32,71.72,Month-to-Month,UPI,No
72912,Female,20,53,77.21,Two Year,UPI,Yes
70272,Male,22,67,32.99,Two Year,Credit Card,Yes
52051,Male,20,4,104.07,One Year,Credit Card,Yes
88854,Female,64,30,98.7,Two Year,Net Banking,No
92736,Male,36,13,85.65,Month-to-Month,Debit Card,Yes
75618,Female,19,21,66.62,One Year,Net Banking,No
11920,Male,61,41,116.45,Month-to-Month,Credit Card,Yes
87219,Male,54,19,107.9,Month-to-Month,Debit Card,Yes
86872,Male,34,48,84.44,Month-to-Month,Credit Card,No
91132,Female,31,63,57.18,Month-to-Month,Debit Card,No
12093,Female,45,20,81.8,Month-to-Month,UPI,Yes
22905,Female,44,64,77.54,One Year,Net Banking,No
34351,Female,27,37,59.42,Month-to-Month,Net Banking,Yes
40981,Male,20,31,50.67,Two Year,Debit Card,No
83903,Male,53,18,60.7,One Year,Net Banking,No
80821,Male,55,20,77.39,Month-to-Month,Credit Card,No
92289,Male,42,11,62.81,Month-to-Month,Net Banking,Yes
94021,Female,39,44,46.36,One Year,Debit Card,No
88513,Male,65,64,96.1,Month-to-Month,Net Banking,No
29874,Male,56,34,73.15,Month-to-Month,Net Banking,No
60931,Male,64,65,26.77,One Year,Credit Card,Yes
17674,Female,47,55,56.83,Month-to-Month,UPI,No
60516,Female,38,1,108.49,Month-to-Month,Credit Card,Yes
70686,Female,47,38,95.52,Month-to-Month,Net Banking,Yes
79212,Male,45,9,52.32,Month-to-Month,Net Banking,No
12426,Female,48,71,113.82,Month-to-Month,UPI,No
78498,Male,69,17,27.66,Month-to-Month,UPI,No
39943,Male,43,52,116.12,Month-to-Month,Credit Card,No
76395,Male,60,18,44.57,Month-to-Month,UPI,No
54816,Female,39,63,20.91,Two Year,Credit Card,Yes
14138,Female,38,33,63.38,Month-to-Month,Debit Card,Yes
85945,Male,18,4,55.9,One Year,Net Banking,No
14017,Male,54,52,73.91,Month-to-Month,UPI,No
20451,Female,30,9,99.68,Month-to-Month,Debit Card,Yes
72956,Female,38,64,104.24,One Year,Debit Card,Yes
20278,Female,63,30,60.12,One Year,Credit Card,Yes
53764,Male,26,8,62.98,Month-to-Month,Credit Card,No
11134,Male,34,5,34.82,Month-to-Month,UPI,No
72943,Male,64,63,24.75,Month-to-Month,Credit Card,No
64318,Female,38,1,84.12,One Year,Debit Card,Yes
70128,Female,48,15,26.44,Month-to-Month,Debit Card,No
98056,Female,56,38,93.38,Month-to-Month,Net Banking,Yes
31869,Male,39,42,73.91,One Year,Debit Card,No
15039,Male,29,46,39.86,Two Year,UPI,No
31281,Female,23,53,73.95,One Year,Net Banking,No
20442,Male,33,26,38.3,Month-to-Month,Credit Card,No
83788,Female,43,61,63.87,One Year,Net Banking,Yes
37586,Male,22,67,99.96,One Year,Debit Card,No
63053,Female,26,54,66.19,One Year,UPI,No
60489,Male,63,22,34.87,One Year,Credit Card,Yes
93104,Male,57,26,92.38,Two Year,Credit Card,No
96346,Female,31,60,38.68,Month-to-Month,Debit Card,No
77087,Female,61,39,93.85,Month-to-Month,UPI,No
22625,Female,59,36,67.94,One Year,Debit Card,No
44397,Female,47,21,65.37,Month-to-Month,Debit Card,No
68671,Female,69,41,105.14,Month-to-Month,UPI,No
76897,Male,69,48,90.86,Month-to-Month,Debit Card,Yes
36149,Female,43,26,23.29,One Year,UPI,Yes
70030,Female,62,63,49.62,Month-to-Month,UPI,Yes
79906,Female,46,36,107.09,One Year,Debit Card,No
15283,Male,36,24,21.83,Month-to-Month,Debit Card,No
17610,Female,64,21,74.53,Month-to-Month,Net Banking,No
53326,Female,25,18,92.78,Month-to-Month,Credit Card,No
24924,Female,40,15,82.19,Month-to-Month,Credit Card,No
86162,Male,59,6,96.05,One Year,UPI,Yes
10869,Male,52,43,92.57,Two Year,Net Banking,No
11014,Female,48,31,89.2,One Year,UPI,No
20103,Male,52,28,102.15,Month-to-Month,Net Banking,No
92522,Female,49,8,84.57,Month-to-Month,UPI,Yes
43458,Male,22,29,60.24,Month-to-Month,Credit Card,No
92409,Female,33,21,67.19,Month-to-Month,Net Banking,Yes
33248,Male,34,58,91.67,Month-to-Month,Debit Card,No
99160,Female,49,60,107.63,One Year,Debit Card,No
53516,Female,55,50,47.22,Month-to-Month,Credit Card,Yes
39061,Male,49,31,54.21,Month-to-Month,Net Banking,Yes
34170,Female,69,47,113.07,Two Year,Debit Card,No
18024,Female,37,34,77.85,Month-to-Month,Debit Card,No
92214,Female,65,2,37.9,Two Year,Debit Card,No
95947,Female,19,67,86.37,Two Year,Credit Card,Yes
53803,Male,37,52,119.08,Month-to-Month,UPI,No
29296,Female,64,7,102.35,Month-to-Month,Debit Card,Yes
96664,Male,35,19,94.57,One Year,Debit Card,Yes
28257,Male,18,15,40.8,Month-to-Month,UPI,No
22855,Male,46,48,107.61,Month-to-Month,Debit Card,No
95178,Male,46,14,72.58,One Year,Net Banking,No
30025,Female,36,3,108.93,Month-to-Month,Debit Card,Yes
14458,Female,61,50,52.98,Month-to-Month,UPI,Yes
73610,Male,57,54,26.21,One Year,Credit Card,Yes
80843,Female,23,6,67.6,One Year,Credit Card,Yes
93961,Male,61,49,46.98,Month-to-Month,Net Banking,No
59831,Female,56,23,91.52,Month-to-Month,Debit Card,No
53427,Female,67,20,115.71,Month-to-Month,Debit Card,No
48506,Female,63,60,89.1,Month-to-Month,UPI,No
15668,Male,25,45,108.69,One Year,UPI,No
57195,Male,41,61,65.3,One Year,Net Banking,No
83233,Female,37,56,97.16,One Year,Net Banking,No
34417,Male,31,2,104.3,Month-to-Month,Debit Card,Yes
91982,Male,22,45,91.09,Month-to-Month,Debit Card,Yes
20751,Female,58,40,70.78,Month-to-Month,Net Banking,No
56218,Male,57,24,82.59,Month-to-Month,Credit Card,No
17352,Female,51,29,90.05,Month-to-Month,Credit Card,Yes
89052,Female,33,67,45.31,Month-to-Month,Credit Card,No
98835,Female,62,68,100.96,Month-to-Month,Credit Card,No
38927,Male,24,66,115.03,One Year,Net Banking,Yes
51094,Female,33,54,66.52,One Year,UPI,Yes
64122,Female,24,53,90.11,Month-to-Month,Credit Card,No
39493,Male,44,49,93.7,Month-to-Month,Net Banking,No
83539,Male,31,32,86.22,Two Year,Credit Card,Yes
41707,Male,31,61,74.71,Two Year,Debit Card,No
78814,Male,61,42,108.16,Month-to-Month,Credit Card,No
17296,Female,50,1,64.89,One Year,Net Banking,No
35398,Male,50,63,26.11,One Year,Debit Card,No
45842,Male,61,35,104.46,Month-to-Month,Debit Card,No
23261,Male,37,51,87.4,Month-to-Month,Credit Card,No
86709,Male,64,71,104.93,Month-to-Month,Credit Card,Yes
66704,Female,53,45,33.85,Month-to-Month,Debit Card,No
77173,Male,24,65,23.08,Month-to-Month,UPI,Yes
41781,Female,49,14,113.44,Two Year,Net Banking,No
23652,Male,65,3,34.77,One Year,Net Banking,No
15103,Female,20,24,100.97,Month-to-Month,Net Banking,No
35500,Female,56,65,102.32,Month-to-Month,Net Banking,No
45529,Male,46,48,90.87,One Year,Net Banking,No
28452,Female,41,10,33.13,Month-to-Month,Debit Card,Yes
59393,Male,39,13,86.74,Month-to-Month,Net Banking,No
41174,Female,23,14,108.91,Two Year,UPI,No
74450,Female,65,10,62.55,Month-to-Month,UPI,No
45436,Female,41,40,61.35,Month-to-Month,Credit Card,Yes
57406,Male,57,23,64.29,Month-to-Month,Credit Card,No
73059,Female,40,55,28.23,Month-to-Month,Credit Card,No
25954,Male,55,63,109.2,Month-to-Month,Credit Card,Yes
92722,Female,27,71,106.92,Month-to-Month,Debit Card,No
22356,Female,33,42,119.79,One Year,UPI,No
12187,Female,28,66,78.52,Month-to-Month,Debit Card,No
87243,Female,49,47,95.12,Month-to-Month,UPI,No
45098,Female,62,52,40.27,Month-to-Month,Debit Card,No
31225,Female,23,18,86.75,Month-to-Month,UPI,Yes
13606,Male,41,18,84.97,Two Year,Credit Card,No
67620,Male,50,24,110.12,Month-to-Month,UPI,No
42828,Male,68,23,103.08,One Year,Credit Card,No
36489,Female,29,12,113.85,Month-to-Month,UPI,No
24387,Male,44,23,106.88,Month-to-Month,Debit Card,No
79463,Female,55,21,106.87,One Year,Net Banking,Yes
81832,Male,35,64,26.37,Month-to-Month,UPI,No
12591,Male,62,34,104.6,One Year,Debit Card,No
58516,Female,56,2,80.75,Month-to-Month,Net Banking,Yes
72061,Female,30,69,58.04,Month-to-Month,Debit Card,Yes
76736,Male,57,31,25.65,One Year,Net Banking,No
91257,Male,47,68,87.77,One Year,Credit Card,No
71753,Male,66,70,52.82,One Year,UPI,No
94774,Male,58,19,66.78,One Year,Debit Card,No
21087,Female,69,13,88.17,Two Year,UPI,No
40816,Male,30,65,111.18,Month-to-Month,Credit Card,No
33408,Female,51,6,102.54,Month-to-Month,Credit Card,Yes
10136,Female,53,71,65.06,Month-to-Month,UPI,No
27413,Male,47,27,58.78,Month-to-Month,Debit Card,No
69500,Female,42,52,43.98,Month-to-Month,Debit Card,No
94514,Male,19,48,57.24,One Year,Debit Card,No
66358,Female,53,68,31.1,Month-to-Month,UPI,No
76197,Female,35,44,117.11,One Year,Debit Card,Yes
42854,Male,22,17,77.39,Month-to-Month,Debit Card,Yes
86240,Female,36,38,32.78,Month-to-Month,Net Banking,Yes
26322,Female,59,10,55.28,Two Year,Debit Card,No
16968,Male,35,54,74.7,Month-to-Month,Credit Card,No
37518,Female,49,6,73.29,Month-to-Month,Debit Card,Yes
61925,Female,38,6,23.55,Month-to-Month,UPI,No
69848,Male,27,52,115.08,One Year,UPI,No
11700,Male,54,15,47.54,Month-to-Month,Debit Card,No
33199,Female,66,68,21.62,Month-to-Month,UPI,Yes
54589,Female,39,57,27.64,One Year,UPI,No
42115,Female,30,56,78.02,Month-to-Month,Debit Card,No
71934,Male,34,7,33.78,One Year,Net Banking,No
64316,Female,26,51,24.17,Month-to-Month,Net Banking,No
15520,Female,41,58,57.96,Month-to-Month,Net Banking,Yes
46455,Female,61,64,82.28,One Year,Net Banking,No
96465,Female,31,26,31.18,One Year,Credit Card,No
51605,Female,63,58,51.33,One Year,Debit Card,No
24955,Female,25,31,61.78,One Year,UPI,No
54049,Male,54,66,35.95,Month-to-Month,UPI,Yes
23917,Male,36,13,70.61,Month-to-Month,Debit Card,No
80293,Female,45,18,28.52,Month-to-Month,UPI,Yes
88581,Female,63,13,24.65,Two Year,Credit Card,Yes
74925,Male,58,24,71.98,Two Year,Net Banking,No
80269,Male,47,57,44.79,Two Year,Debit Card,No
40954,Male,24,29,29.54,Month-to-Month,UPI,No
82617,Female,43,56,62.39,Month-to-Month,Credit Card,No
51458,Female,57,54,111.51,One Year,UPI,No
99037,Female,63,5,92.42,One Year,Credit Card,Yes
31113,Female,63,35,101.56,One Year,UPI,Yes
53939,Male,28,19,107.19,One Year,Net Banking,No
39345,Male,31,55,117.26,Month-to-Month,Debit Card,Yes
56313,Male,38,69,96.32,Month-to-Month,Net Banking,No
79166,Male,25,44,80.84,Month-to-Month,Net Banking,Yes
57861,Female,20,38,56.54,Month-to-Month,UPI,No
59298,Female,45,62,38.16,Month-to-Month,Net Banking,No
57221,Male,46,22,88.67,Month-to-Month,Debit Card,No
54942,Male,40,40,119.49,Month-to-Month,Credit Card,No
13453,Male,35,26,66.74,One Year,Credit Card,No
64935,Male,52,5,92.37,Two Year,UPI,Yes
53370,Male,30,54,69.51,One Year,Debit Card,No
18328,Female,29,49,63.19,Month-to-Month,Debit Card,No
25534,Female,64,3,61.03,Month-to-Month,Credit Card,Yes
95280,Male,67,38,70.46,Month-to-Month,Credit Card,No
94925,Male,22,14,56.69,Two Year,Net Banking,No
46320,Male,56,47,94.88,Month-to-Month,UPI,No
59170,Female,28,14,107.43,Month-to-Month,Credit Card,No
90201,Female,28,38,108.29,One Year,Credit Card,Yes
18640,Female,64,64,42.77,Month-to-Month,Debit Card,Yes
40049,Male,59,44,109.59,Two Year,Debit Card,Yes
15618,Female,64,70,54.16,Month-to-Month,Debit Card,No
66053,Male,48,65,50.93,Month-to-Month,Credit Card,Yes
11920,Female,48,25,92.68,Month-to-Month,UPI,No
53937,Female,30,16,50.47,Two Year,Net Banking,No
79724,Female,31,15,25.3,Two Year,UPI,No
22207,Male,66,3,57.36,Month-to-Month,Credit Card,Yes
75774,Male,62,67,92.15,Month-to-Month,Net Banking,Yes
42972,Female,59,37,52.7,Month-to-Month,UPI,No
20799,Male,42,55,82.96,Two Year,Credit Card,Yes
81088,Male,50,38,86.01,One Year,UPI,Yes
38916,Male,50,63,93.37,One Year,Credit Card,Yes
80463,Male,32,1,109.71,Month-to-Month,Debit Card,Yes
86700,Male,33,71,63.26,Month-to-Month,UPI,No
47158,Male,61,19,36.64,Month-to-Month,Debit Card,Yes
94607,Male,55,52,51.89,One Year,Debit Card,No
81696,Female,23,30,63.22,Two Year,Net Banking,Yes
71510,Male,61,55,91.39,Month-to-Month,Net Banking,No
68692,Male,42,14,21.31,Month-to-Month,UPI,Yes
71744,Female,32,13,51.58,Month-to-Month,Credit Card,No
25810,Female,21,27,97.98,Month-to-Month,Net Banking,Yes
15126,Female,21,9,87.09,Two Year,Net Banking,Yes
40009,Female,47,41,93.17,Month-to-Month,Debit Card,Yes
10192,Male,51,48,101.18,One Year,Debit Card,No
46413,Female,44,12,98.32,One Year,Credit Card,No
22816,Female,48,10,88.22,One Year,Net Banking,Yes
49082,Male,49,6,63.97,Two Year,Net Banking,No
75048,Male,61,34,118.36,One Year,Credit Card,Yes
60940,Male,56,52,76.91,Two Year,Net Banking,Yes
42130,Female,69,41,40.28,Month-to-Month,UPI,Yes
50142,Male,26,6,49.28,One Year,UPI,Yes
46468,Female,58,2,89.36,One Year,Credit Card,Yes
40698,Male,25,15,112.47,Month-to-Month,Debit Card,No
20655,Male,31,17,37.87,One Year,Credit Card,Yes
57897,Female,50,16,28.23,One Year,UPI,No
40075,Male,40,28,108.15,One Year,Net Banking,Yes
19359,Male,38,10,111.53,Month-to-Month,Net Banking,Yes
52056,Male,29,10,47.64,One Year,Debit Card,No
61831,Male,19,10,57.73,Month-to-Month,Debit Card,No
69191,Male,30,28,86.02,One Year,UPI,No
43272,Female,21,24,52.99,Month-to-Month,Debit Card,No
24671,Female,37,19,107.72,Month-to-Month,Credit Card,No
37048,Male,67,68,30.76,Month-to-Month,UPI,Yes
86274,Female,68,56,23.8,Month-to-Month,Net Banking,No
35963,Female,65,67,40.85,Month-to-Month,Net Banking,No
53954,Female,31,42,48.61,Month-to-Month,Net Banking,No
82309,Male,47,12,31.29,One Year,Debit Card,No
10717,Male,46,18,26.57,One Year,UPI,No
21676,Male,25,23,95.56,Month-to-Month,Debit Card,No
14434,Female,29,6,36.43,Month-to-Month,Credit Card,Yes
59810,Female,58,53,111.39,Month-to-Month,UPI,No
14994,Male,55,42,56.8,One Year,Debit Card,No
14234,Male,43,66,87.06,Month-to-Month,Net Banking,No
79300,Female,67,30,42.54,Month-to-Month,Net Banking,Yes
53949,Female,19,9,44.03,Month-to-Month,Credit Card,No
47405,Male,57,42,77.47,Month-to-Month,Credit Card,No
44872,Female,31,34,76.06,Month-to-Month,Credit Card,Yes
52215,Female,23,40,96.87,Month-to-Month,Net Banking,No
33185,Female,59,17,95.78,One Year,Debit Card,Yes
53442,Female,57,29,87.07,One Year,Net Banking,Yes
61759,Female,48,50,64.91,Month-to-Month,Net Banking,No
51153,Female,34,49,109.06,One Year,Net Banking,No
87535,Female,42,61,82.26,Month-to-Month,Debit Card,No
12581,Male,49,46,119.02,Two Year,Net Banking,No
61717,Male,29,46,101.94,Month-to-Month,Credit Card,Yes
12763,Female,66,17,24.43,One Year,Credit Card,No
65480,Female,30,66,52.06,One Year,Credit Card,No
48759,Female,36,5,77.19,Month-to-Month,Credit Card,Yes
86067,Male,61,54,92.15,Two Year,Net Banking,No
35307,Male,65,16,75.03,Month-to-Month,Net Banking,No
21064,Female,42,7,98.61,One Year,Net Banking,Yes
86848,Male,48,8,48.27,Month-to-Month,Credit Card,No
47548,Female,54,38,38.39,Month-to-Month,Debit Card,Yes
46945,Female,42,54,25.39,Month-to-Month,UPI,No
57937,Female,33,15,77.33,Month-to-Month,UPI,Yes
16476,Female,55,50,88.86,Month-to-Month,UPI,No
61756,Female,60,56,52.61,Month-to-Month,Debit Card,No
12382,Female,66,9,81.36,One Year,Net Banking,Yes
59683,Female,40,8,25.22,Month-to-Month,UPI,No
97999,Male,31,19,29.93,Month-to-Month,UPI,No
55276,Female,23,51,90.18,One Year,Net Banking,No
43402,Male,42,57,56.81,Month-to-Month,UPI,No
36946,Female,40,68,87.13,Month-to-Month,Net Banking,Yes
89698,Female,60,31,103.17,Month-to-Month,UPI,No
83933,Male,29,3,105.26,Month-to-Month,Net Banking,Yes
32335,Male,30,43,37.22,Month-to-Month,Credit Card,No
55095,Female,53,29,68.63,Two Year,Debit Card,Yes
89930,Male,56,10,93.39,Month-to-Month,UPI,Yes
37197,Female,51,12,97.4,Month-to-Month,Net Banking,Yes
32010,Female,23,46,98.47,Month-to-Month,Credit Card,Yes
34123,Male,55,30,42.82,Month-to-Month,Net Banking,No
97923,Male,67,32,39.25,Month-to-Month,UPI,Yes
12890,Male,69,47,79.0,Month-to-Month,UPI,Yes
18026,Male,57,63,94.11,Month-to-Month,UPI,No
74925,Female,25,26,51.91,Month-to-Month,UPI,No
78842,Male,25,3,30.47,One Year,UPI,No
43665,Male,57,23,91.67,Month-to-Month,Credit Card,No
19277,Male,50,50,49.97,Month-to-Month,Net Banking,No
52239,Male,51,36,36.64,One Year,Net Banking,No
57664,Male,61,13,34.77,Month-to-Month,UPI,Yes
58008,Female,32,29,51.49,One Year,Net Banking,No
24683,Female,53,38,79.27,One Year,Credit Card,Yes
10670,Male,52,5,55.84,Month-to-Month,UPI,No
99211,Male,63,20,22.07,Month-to-Month,Debit Card,No
27889,Female,39,14,29.69,Two Year,Credit Card,Yes
65612,Male,40,8,49.05,One Year,UPI,No
54535,Female,57,48,85.97,Two Year,Net Banking,No
88542,Female,62,13,29.85,Month-to-Month,Credit Card,Yes
64319,Male,68,24,76.07,Month-to-Month,UPI,Yes
31639,Female,39,65,31.99,Two Year,Net Banking,No
74712,Male,22,34,41.16,Month-to-Month,Net Banking,Yes
26633,Male,48,51,37.22,Two Year,UPI,Yes
44660,Female,30,3,26.72,Month-to-Month,Credit Card,No
78975,Female,45,58,87.13,Two Year,UPI,No
42172,Male,37,55,66.34,Month-to-Month,UPI,No
69197,Female,50,42,103.11,Month-to-Month,UPI,No
68847,Male,33,21,29.89,Two Year,UPI,No
21577,Female,46,10,34.47,Month-to-Month,UPI,No
87299,Female,40,57,50.65,Month-to-Month,Net Banking,No
30176,Male,41,25,96.59,Month-to-Month,UPI,No
54386,Male,51,56,50.58,One Year,Credit Card,Yes
73972,Male,24,38,60.84,Two Year,Debit Card,No
99791,Female,55,61,50.16,Month-to-Month,UPI,Yes
51003,Male,54,47,28.02,Month-to-Month,Credit Card,No
29996,Male,21,54,113.94,Month-to-Month,Debit Card,Yes
96598,Female,51,46,74.85,One Year,Credit Card,No
45931,Female,59,68,98.78,Month-to-Month,Net Banking,No
45710,Male,39,4,85.84,Month-to-Month,Net Banking,Yes
44693,Male,22,66,71.43,Month-to-Month,Debit Card,Yes
45740,Male,67,43,28.97,Month-to-Month,Debit Card,Yes
87241,Male,59,62,84.27,Two Year,Debit Card,No
86502,Female,40,4,35.54,Month-to-Month,Net Banking,Yes
27374,Female,32,65,61.44,Month-to-Month,Net Banking,No
86674,Male,48,62,82.91,Month-to-Month,Credit Card,No
91471,Male,26,2,98.22,One Year,Net Banking,Yes
55913,Male,60,9,88.5,Month-to-Month,Debit Card,Yes
76025,Female,42,57,87.15,Month-to-Month,UPI,No
54516,Male,42,45,34.9,Month-to-Month,UPI,Yes
97796,Male,66,18,54.61,One Year,Debit Card,No
36069,Female,38,48,24.29,Month-to-Month,Net Banking,No
66233,Female,26,42,91.95,Month-to-Month,Debit Card,Yes
94811,Male,65,41,115.26,Month-to-Month,Net Banking,Yes
69049,Male,55,58,46.41,Month-to-Month,UPI,No
49178,Female,39,42,28.77,Two Year,Credit Card,Yes
42821,Male,60,35,67.56,Month-to-Month,Net Banking,Yes
61727,Male,40,38,105.67,Two Year,Credit Card,No
70935,Female,66,67,75.2,Month-to-Month,UPI,Yes
26999,Female,21,41,24.68,Month-to-Month,Credit Card,Yes
72522,Female,46,50,117.43,Month-to-Month,Credit Card,No
48712,Male,32,45,102.86,Two Year,Debit Card,Yes
74551,Female,18,71,33.16,Month-to-Month,Credit Card,No
50172,Female,47,19,112.18,Two Year,UPI,Yes
43722,Male,46,17,65.07,Month-to-Month,Net Banking,No
20625,Male,37,65,57.19,Month-to-Month,Credit Card,No
77165,Female,50,56,66.11,One Year,Net Banking,Yes
86509,Female,58,41,103.46,Two Year,Debit Card,No
16859,Male,61,42,85.95,Month-to-Month,UPI,No
51609,Male,53,6,25.92,One Year,UPI,Yes
53307,Female,39,69,115.76,Month-to-Month,Net Banking,No
31839,Female,30,40,34.78,Month-to-Month,UPI,No
37216,Male,24,41,94.56,Month-to-Month,Debit Card,No
62953,Female,25,9,83.61,Month-to-Month,Net Banking,Yes
94481,Male,45,8,38.75,Month-to-Month,UPI,Yes
70593,Female,62,44,37.07,Month-to-Month,Debit Card,Yes
82075,Male,60,58,107.03,Two Year,Debit Card,No
59522,Male,26,67,61.97,One Year,Credit Card,No
14886,Female,42,13,85.46,Month-to-Month,UPI,No
17485,Female,33,19,70.41,Two Year,Net Banking,No
41455,Male,27,49,92.74,Month-to-Month,Credit Card,Yes
26767,Female,28,30,67.92,Month-to-Month,Net Banking,No
38453,Female,48,66,48.74,One Year,Credit Card,No
86280,Female,29,59,56.34,Month-to-Month,Debit Card,No
63442,Male,48,53,105.91,One Year,Credit Card,No
61877,Female,31,52,66.8,Month-to-Month,Credit Card,Yes
22226,Female,68,31,41.34,Month-to-Month,Credit Card,Yes
32588,Male,61,15,113.46,Month-to-Month,UPI,No
88976,Female,49,20,99.66,Two Year,Credit Card,Yes
41709,Female,67,5,25.57,One Year,Debit Card,No
57788,Male,34,7,119.89,One Year,Net Banking,Yes
98031,Male,52,18,89.49,Month-to-Month,UPI,No
47019,Female,18,56,36.03,Month-to-Month,Debit Card,Yes
54948,Female,46,45,43.72,One Year,UPI,Yes
75133,Male,68,28,89.24,Month-to-Month,Net Banking,No
76458,Male,21,50,97.98,Month-to-Month,Net Banking,Yes
37526,Female,40,2,43.9,One Year,Net Banking,No
83493,Female,45,68,45.7,Month-to-Month,UPI,No
62198,Female,33,24,50.71,Month-to-Month,UPI,No
53395,Male,29,48,79.8,One Year,Net Banking,No
34031,Female,38,45,37.18,One Year,Net Banking,No
85542,Male,62,58,30.42,One Year,Debit Card,No
47701,Male,34,36,87.89,Month-to-Month,Net Banking,No
35939,Male,57,2,97.91,Month-to-Month,Credit Card,Yes
59145,Female,30,18,70.09,One Year,UPI,No
30324,Female,69,49,56.38,One Year,Debit Card,No
32867,Female,49,8,63.2,Month-to-Month,UPI,Yes
10203,Male,54,58,58.84,Two Year,Net Banking,No
26544,Female,67,15,116.0,Two Year,Credit Card,No
25899,Male,32,17,96.81,Month-to-Month,Net Banking,No
39063,Male,29,23,40.81,One Year,UPI,No
13748,Male,66,66,58.42,Month-to-Month,Debit Card,Yes
76629,Male,32,70,74.4,Month-to-Month,UPI,No
90764,Male,51,27,81.3,Month-to-Month,Debit Card,No
30884,Male,23,37,66.82,Month-to-Month,Credit Card,Yes
35183,Female,34,49,101.01,Two Year,Net Banking,No
91570,Male,65,64,96.76,One Year,Net Banking,Yes
81246,Female,66,34,70.52,One Year,Credit Card,No
29259,Male,37,18,105.44,Month-to-Month,UPI,Yes
45959,Female,26,64,95.11,Month-to-Month,Credit Card,No
43457,Female,22,44,97.86,Month-to-Month,Net Banking,Yes
95679,Female,40,17,115.64,Month-to-Month,Debit Card,Yes
12103,Female,50,59,46.65,Month-to-Month,Net Banking,No
75901,Male,55,13,46.76,Month-to-Month,UPI,No
54535,Male,31,52,108.9,Month-to-Month,Debit Card,Yes
26103,Male,34,60,97.22,Month-to-Month,UPI,No
88278,Male,36,42,112.65,Month-to-Month,Net Banking,Yes
22391,Female,50,64,26.31,Month-to-Month,Net Banking,No
38901,Female,18,66,82.78,Two Year,Debit Card,No
91159,Female,30,34,34.46,Month-to-Month,UPI,No
77914,Male,63,71,70.39,Month-to-Month,Debit Card,Yes
60357,Female,44,64,35.57,One Year,Debit Card,No
96908,Male,23,33,32.81,Two Year,UPI,No
48437,Female,23,12,21.22,One Year,Debit Card,Yes
45503,Female,50,19,83.02,Month-to-Month,Credit Card,Yes
85403,Female,47,9,55.9,Month-to-Month,Debit Card,Yes
51258,Female,63,17,30.52,Two Year,Net Banking,Yes
43724,Female,52,50,52.28,One Year,UPI,Yes
74286,Male,40,39,36.89,Month-to-Month,Net Banking,Yes
84842,Female,27,41,114.17,Month-to-Month,Credit Card,No
24908,Male,68,10,52.0,Month-to-Month,Credit Card,No
60626,Male,36,12,53.4,Month-to-Month,Debit Card,No
47228,Male,68,15,103.99,One Year,Net Banking,Yes
33386,Male,45,28,84.78,Month-to-Month,Debit Card,No
56754,Male,40,4,91.02,Two Year,Debit Card,Yes
38302,Male,21,36,83.6,Month-to-Month,Net Banking,No
70815,Male,37,65,114.62,One Year,Credit Card,No
94748,Male,36,47,40.7,Month-to-Month,Credit Card,No
73344,Female,59,39,118.9,Month-to-Month,Credit Card,Yes
45618,Female,44,38,103.1,Month-to-Month,UPI,No
86234,Male,51,44,78.9,One Year,UPI,Yes
71114,Male,21,51,86.24,Month-to-Month,Debit Card,No
80130,Male,55,26,84.88,Month-to-Month,UPI,No
35525,Female,24,36,25.84,One Year,UPI,No
89818,Female,65,69,41.8,Month-to-Month,Net Banking,No
24334,Male,24,1,116.15,Two Year,Debit Card,Yes
72767,Male,67,53,73.44,Two Year,Debit Card,No
16644,Female,69,6,57.84,Two Year,Net Banking,Yes
42933,Female,43,37,96.2,Month-to-Month,Credit Card,No
53469,Male,43,2,72.45,Month-to-Month,Net Banking,Yes
43687,Male,36,69,21.32,Two Year,Credit Card,No
62656,Male,26,41,93.62,Month-to-Month,Debit Card,No
27375,Male,37,51,93.22,Month-to-Month,Debit Card,No
75206,Female,59,47,36.51,One Year,UPI,No
46607,Female,62,13,115.67,Month-to-Month,UPI,No
93178,Male,67,69,42.39,One Year,Net Banking,No
33993,Male,33,66,65.77,One Year,UPI,No
54386,Male,34,59,31.47,One Year,Debit Card,No
56287,Female,39,68,80.33,Month-to-Month,Debit Card,No
96724,Male,30,59,57.55,Month-to-Month,Credit Card,No
86312,Male,29,10,55.32,Month-to-Month,UPI,Yes
85324,Male,27,13,102.7,Month-to-Month,Credit Card,Yes
81196,Female,18,2,20.96,Month-to-Month,Debit Card,No
80014,Male,49,15,99.79,Month-to-Month,UPI,No
18210,Female,47,46,77.14,Month-to-Month,Credit Card,No
20922,Male,25,57,118.61,Month-to-Month,Debit Card,No
46289,Male,38,10,78.94,One Year,Credit Card,Yes
43340,Male,39,22,25.54,Month-to-Month,UPI,No
49850,Female,35,8,25.06,Month-to-Month,Credit Card,No
66984,Male,19,21,108.32,One Year,Credit Card,Yes
94178,Male,65,22,104.12,One Year,Debit Card,No
21094,Female,61,45,54.59,Month-to-Month,UPI,Yes
97959,Female,26,40,81.8,One Year,Net Banking,No
43418,Female,20,22,68.96,Month-to-Month,Net Banking,Yes
15741,Male,43,30,116.72,Month-to-Month,Credit Card,No
82374,Female,38,62,115.0,Two Year,Debit Card,No
78798,Male,47,45,118.38,Two Year,UPI,No
80532,Female,45,35,106.64,Month-to-Month,Debit Card,No
32164,Female,53,42,110.96,One Year,UPI,Yes
45595,Female,43,5,41.73,Two Year,Debit Card,No
40257,Male,51,27,103.1,Two Year,Net Banking,No
24211,Male,25,70,90.89,Month-to-Month,Net Banking,No
15232,Male,27,62,116.28,Month-to-Month,Net Banking,No
77753,Male,65,32,77.13,Month-to-Month,Debit Card,No
62691,Male,60,8,28.52,Month-to-Month,Debit Card,No
99765,Male,67,18,79.74,Month-to-Month,Credit Card,No
89768,Male,31,15,88.66,One Year,Net Banking,No
35613,Male,57,26,42.03,One Year,Credit Card,No
24026,Male,32,53,59.41,Two Year,Debit Card,No
63535,Female,34,44,79.85,Month-to-Month,UPI,No
40908,Female,35,32,57.41,Month-to-Month,Net Banking,No
62113,Male,49,28,57.49,Month-to-Month,Net Banking,No
29610,Male,55,39,33.31,Month-to-Month,Net Banking,No
56646,Male,40,32,114.07,Two Year,Net Banking,No
73185,Male,63,18,95.05,Month-to-Month,Net Banking,No
82567,Female,40,70,20.12,One Year,Debit Card,No
57574,Female,52,11,96.56,Month-to-Month,Net Banking,Yes
46182,Male,56,32,93.98,Month-to-Month,Net Banking,No
10570,Female,32,20,20.97,One Year,Credit Card,No
29288,Female,41,40,56.96,Month-to-Month,UPI,Yes
88824,Male,45,8,80.67,Month-to-Month,Net Banking,Yes
39877,Male,33,35,65.28,Month-to-Month,Credit Card,Yes
94425,Male,33,69,97.8,One Year,Debit Card,Yes
10917,Male,57,21,62.55,Two Year,Credit Card,No
85602,Female,56,24,35.39,One Year,Net Banking,Yes
74575,Male,23,17,117.64,Two Year,Credit Card,No
82518,Female,19,18,44.2,One Year,Credit Card,No
49104,Male,30,12,91.77,Two Year,Debit Card,No
28062,Female,61,16,34.32,Month-to-Month,Credit Card,No
26999,Male,64,4,52.9,Month-to-Month,Debit Card,Yes
71845,Male,26,34,64.2,Month-to-Month,Debit Card,Yes
19941,Female,51,46,39.22,One Year,Credit Card,No
71169,Female,34,31,65.0,Month-to-Month,Net Banking,Yes
33470,Female,44,25,35.72,Month-to-Month,UPI,No
69821,Male,46,24,75.9,Two Year,Credit Card,No
96669,Female,54,65,86.37,Month-to-Month,Credit Card,No
54435,Female,60,25,26.24,Two Year,Credit Card,Yes
14529,Female,39,28,107.11,One Year,UPI,No
93055,Female,68,36,38.51,Month-to-Month,UPI,No
22192,Female,41,6,42.54,One Year,Debit Card,Yes
84102,Female,24,66,86.13,One Year,UPI,No
82762,Female,51,67,66.88,Month-to-Month,UPI,No
96795,Female,65,48,69.94,One Year,Credit Card,No
44087,Female,29,70,32.82,One Year,Debit Card,No
76677,Male,40,67,100.57,Month-to-Month,Net Banking,No
14627,Male,32,48,81.71,Month-to-Month,Debit Card,No
66541,Female,50,65,33.54,Month-to-Month,UPI,Yes
78226,Male,30,44,57.4,Month-to-Month,UPI,Yes
13255,Male,40,63,101.04,Month-to-Month,Credit Card,No
67433,Female,55,46,76.84,One Year,Net Banking,Yes
15213,Female,49,19,30.86,Month-to-Month,Net Banking,No
29404,Female,62,64,57.28,Two Year,Net Banking,Yes
35380,Female,67,71,44.27,Month-to-Month,UPI,Yes
29173,Female,52,50,71.75,Month-to-Month,UPI,No
63027,Female,18,63,104.34,One Year,Debit Card,Yes
33989,Male,64,41,63.63,Two Year,UPI,No
34519,Female,62,7,63.33,Month-to-Month,Net Banking,Yes
32439,Male,22,9,110.54,Month-to-Month,Net Banking,Yes
86949,Female,30,4,77.62,Two Year,Net Banking,Yes
24995,Female,22,49,76.62,Month-to-Month,Credit Card,No
33559,Male,49,6,46.19,Month-to-Month,Debit Card,No
99049,Female,68,21,80.77,Month-to-Month,Debit Card,Yes
15021,Female,38,15,77.59,One Year,UPI,No
31119,Male,41,67,59.69,Month-to-Month,Credit Card,No
61539,Female,35,66,119.07,Month-to-Month,Debit Card,No
49350,Male,38,56,108.19,Month-to-Month,Credit Card,Yes
56223,Female,27,68,94.96,Two Year,Credit Card,Yes
35517,Female,41,32,73.73,Month-to-Month,UPI,Yes
88653,Male,57,66,66.21,Month-to-Month,Credit Card,Yes
32250,Female,64,29,38.49,Month-to-Month,Debit Card,Yes
94486,Male,38,66,50.57,Month-to-Month,UPI,No
92895,Male,42,34,97.4,One Year,Debit Card,No
99132,Male,69,27,65.37,One Year,Credit Card,No
76798,Female,40,60,108.23,One Year,Credit Card,Yes
64199,Female,39,39,34.79,One Year,Net Banking,No
69546,Male,21,44,70.83,Two Year,UPI,No
98151,Female,51,36,84.7,Month-to-Month,UPI,No
13327,Female,23,19,71.68,Two Year,Net Banking,No
39768,Female,45,45,108.92,Month-to-Month,Debit Card,No
74418,Male,48,21,118.96,One Year,Debit Card,No
52788,Female,52,23,31.58,Month-to-Month,Credit Card,No
92384,Male,56,27,33.0,One Year,UPI,No
56830,Female,59,19,33.03,Month-to-Month,Credit Card,No
62446,Female,40,41,88.12,One Year,Net Banking,No
25160,Male,23,26,57.27,Two Year,Credit Card,Yes
66583,Female,33,28,93.33,One Year,Debit Card,No
43998,Male,19,64,60.55,One Year,Debit Card,No
37230,Female,41,68,82.76,Month-to-Month,Net Banking,No
19076,Male,34,51,96.99,Month-to-Month,Debit Card,Yes
79341,Female,62,48,74.82,Two Year,Net Banking,No
41085,Female,18,10,73.95,One Year,UPI,Yes
65571,Female,23,39,28.82,Month-to-Month,Net Banking,No
24715,Male,22,19,61.08,Month-to-Month,Net Banking,Yes
15750,Male,62,64,74.58,Month-to-Month,Net Banking,No
88768,Male,67,19,66.2,Month-to-Month,Debit Card,Yes
45903,Female,46,62,110.08,Month-to-Month,UPI,Yes
82489,Male,29,13,110.65,Month-to-Month,Credit Card,Yes
42093,Male,56,25,102.19,Month-to-Month,UPI,No
97954,Male,64,42,57.53,Month-to-Month,Debit Card,No
44314,Male,20,39,91.73,Month-to-Month,UPI,Yes
58225,Male,65,30,59.53,Month-to-Month,UPI,No
97985,Male,18,5,43.26,Month-to-Month,Net Banking,Yes
93014,Male,44,18,54.29,Two Year,Net Banking,No
45179,Male,65,21,27.1,Month-to-Month,Debit Card,Yes
35338,Male,41,50,53.18,Two Year,Net Banking,No
79681,Male,61,6,66.07,Two Year,Debit Card,No
42101,Female,36,50,115.55,Month-to-Month,Credit Card,No
12775,Female,25,66,51.34,Month-to-Month,UPI,No
55619,Male,61,1,110.25,Month-to-Month,Credit Card,Yes
55838,Female,64,57,42.89,Month-to-Month,Credit Card,Yes
29539,Female,19,30,39.1,Month-to-Month,UPI,No
67124,Male,47,58,71.9,Month-to-Month,Net Banking,No
75149,Male,47,52,87.25,One Year,Credit Card,No
36616,Male,66,37,24.43,Month-to-Month,UPI,No
89655,Female,56,48,42.11,Two Year,Credit Card,No
64567,Male,62,1,65.57,Month-to-Month,Credit Card,No
47099,Female,49,19,53.1,Two Year,UPI,No
85831,Male,18,46,91.26,Month-to-Month,Net Banking,No
71799,Female,55,67,71.12,Month-to-Month,Debit Card,No
35479,Female,30,2,36.04,Month-to-Month,UPI,No
56172,Male,28,56,109.45,Two Year,Debit Card,No
65863,Male,27,17,49.29,Month-to-Month,UPI,No
52043,Female,65,22,93.11,One Year,UPI,No
92569,Female,43,27,97.99,Two Year,Debit Card,No
25408,Male,37,55,116.32,One Year,Debit Card,Yes
67980,Male,34,32,69.85,Month-to-Month,Net Banking,No
92956,Female,34,60,81.58,Two Year,UPI,No
26351,Male,21,28,53.49,Two Year,UPI,Yes
14131,Female,22,28,87.82,Month-to-Month,UPI,No
54825,Male,40,25,66.34,Month-to-Month,Net Banking,Yes
21349,Male,63,26,63.77,Two Year,Debit Card,Yes
70931,Male,69,71,105.55,Two Year,UPI,No
54254,Female,27,17,25.02,Month-to-Month,Debit Card,No
48225,Male,63,7,108.2,One Year,Net Banking,Yes
22453,Female,45,56,105.21,Month-to-Month,Credit Card,No
28814,Male,50,64,70.64,Month-to-Month,Debit Card,No
28263,Female,60,20,69.02,Month-to-Month,Net Banking,Yes
87694,Female,43,38,56.18,Month-to-Month,Credit Card,Yes
25735,Male,67,58,119.42,One Year,UPI,No
25830,Female,65,16,31.12,Month-to-Month,UPI,No
57893,Female,46,51,79.02,Month-to-Month,Debit Card,No
54673,Female,44,27,88.17,Month-to-Month,Credit Card,Yes
99462,Female,35,51,113.43,Month-to-Month,Net Banking,No
55066,Male,57,16,98.02,Two Year,UPI,No
13373,Male,27,60,84.38,Two Year,UPI,No
20335,Male,59,40,31.68,Month-to-Month,Credit Card,No
33741,Female,22,67,57.37,Two Year,Net Banking,No
20692,Female,27,2,33.88,Month-to-Month,UPI,No
57295,Male,67,48,108.12,One Year,UPI,No
55541,Male,38,52,94.96,Two Year,Debit Card,Yes
44057,Female,41,24,95.75,Month-to-Month,Net Banking,No
76983,Male,55,2,85.23,One Year,UPI,Yes
29583,Male,20,65,70.7,Month-to-Month,Credit Card,No
32765,Female,57,20,35.0,Month-to-Month,UPI,No
69287,Male,48,34,52.97,Month-to-Month,Net Banking,No
33906,Female,58,41,33.69,Two Year,Debit Card,Yes
95103,Male,54,41,92.49,Month-to-Month,UPI,No
89675,Female,19,23,36.02,Two Year,Credit Card,No
56525,Female,19,38,90.21,Two Year,UPI,Yes
48230,Female,56,44,89.23,Month-to-Month,Credit Card,No
29520,Female,66,67,65.93,Month-to-Month,Net Banking,No
95238,Female,59,62,33.52,One Year,Debit Card,No
61934,Male,61,12,51.48,Month-to-Month,Net Banking,No
35566,Male,51,30,52.01,Month-to-Month,UPI,No
83193,Male,59,65,90.04,Two Year,UPI,No
40134,Female,37,41,31.37,One Year,Debit Card,Yes
20345,Male,50,20,102.91,Month-to-Month,Credit Card,No
51185,Female,21,6,96.1,One Year,Net Banking,Yes
80744,Female,62,4,38.63,Month-to-Month,Credit Card,No
43455,Male,61,10,91.92,Month-to-Month,UPI,Yes
38018,Female,28,51,86.85,Two Year,Credit Card,No
64219,Male,59,38,94.81,Two Year,Net Banking,No
55991,Female,64,1,38.89,Month-to-Month,Credit Card,No
83616,Female,22,8,35.76,Month-to-Month,UPI,Yes
97438,Male,42,63,43.65,One Year,Net Banking,No
19486,Female,66,33,56.59,Month-to-Month,Credit Card,No
48862,Male,54,15,99.37,Month-to-Month,Credit Card,Yes
68870,Female,51,31,93.79,Month-to-Month,Net Banking,No
96694,Male,26,21,112.55,One Year,UPI,Yes
53856,Female,23,3,25.86,Month-to-Month,Net Banking,No
96055,Male,35,66,21.16,Month-to-Month,UPI,No
41379,Male,31,35,89.91,Month-to-Month,Credit Card,No
74729,Female,36,41,47.93,Month-to-Month,Net Banking,Yes
38378,Male,31,59,53.41,Month-to-Month,UPI,No
64353,Female,57,16,74.68,Month-to-Month,Net Banking,No
59996,Female,34,56,30.24,Month-to-Month,Credit Card,No
24031,Male,52,45,84.27,Two Year,Net Banking,No
90072,Male,46,59,52.51,Month-to-Month,Credit Card,No
75982,Male,59,50,83.27,Month-to-Month,Credit Card,No
46683,Male,34,12,103.4,Two Year,Credit Card,No
27618,Male,60,12,37.11,One Year,UPI,No
16587,Female,25,33,113.09,One Year,UPI,No
72790,Male,18,49,73.07,Month-to-Month,Debit Card,No
41480,Female,62,21,112.29,Month-to-Month,UPI,Yes
30527,Male,53,60,40.77,One Year,Debit Card,No
33569,Male,24,52,80.46,One Year,Net Banking,No
21151,Male,63,54,60.39,Month-to-Month,Credit Card,No
81094,Female,22,39,97.42,Month-to-Month,UPI,Yes
69174,Male,41,49,80.59,Two Year,Credit Card,No
54739,Female,45,64,69.45,Month-to-Month,Debit Card,No
42954,Female,60,26,111.3,Month-to-Month,UPI,No
45303,Female,34,71,57.71,Month-to-Month,UPI,No
44700,Male,54,7,42.0,One Year,UPI,Yes
77568,Female,37,62,80.81,One Year,UPI,No
76788,Male,20,24,82.4,One Year,Credit Card,No
81045,Female,54,40,63.91,Month-to-Month,UPI,No
47842,Male,43,47,68.66,Month-to-Month,Debit Card,No
23900,Female,32,8,115.96,Month-to-Month,UPI,Yes
90059,Male,68,54,93.27,One Year,Debit Card,No
11881,Male,65,9,31.06,One Year,Debit Card,No
43037,Male,25,3,41.21,Two Year,Credit Card,Yes
11630,Female,30,54,117.56,Month-to-Month,UPI,Yes
30789,Female,65,21,92.65,One Year,Debit Card,No
98059,Male,20,48,111.5,Month-to-Month,UPI,No
93494,Female,18,47,50.39,Month-to-Month,Credit Card,No
56151,Female,26,68,94.19,Month-to-Month,Credit Card,Yes
58920,Female,48,63,91.4,Month-to-Month,UPI,No
77231,Female,58,16,49.47,Two Year,Debit Card,No
90357,Female,43,5,75.08,Month-to-Month,Net Banking,Yes
13262,Female,34,11,82.74,Two Year,Net Banking,Yes
76981,Female,51,29,68.11,Month-to-Month,Credit Card,No
91972,Male,26,70,102.72,Month-to-Month,Debit Card,No
85485,Male,68,48,103.29,Month-to-Month,Net Banking,No
64722,Female,30,15,105.06,Month-to-Month,Debit Card,Yes
99499,Male,22,34,100.34,Month-to-Month,UPI,No
60818,Male,58,60,68.81,Month-to-Month,Credit Card,No
39932,Male,30,62,58.14,Month-to-Month,UPI,Yes
16901,Female,18,2,103.14,Two Year,UPI,Yes
18597,Female,42,19,69.02,One Year,UPI,Yes
73909,Female,64,49,44.64,One Year,Debit Card,No
82391,Female,21,28,70.73,Month-to-Month,Net Banking,No
94214,Female,53,48,34.18,Month-to-Month,UPI,No
18263,Male,69,37,89.16,Month-to-Month,Credit Card,Yes
73293,Female,27,49,53.59,Two Year,Debit Card,No
35805,Male,45,48,46.07,Month-to-Month,Net Banking,Yes
21874,Female,23,29,115.65,Month-to-Month,UPI,No
96402,Male,44,60,97.69,Month-to-Month,Credit Card,Yes
24079,Female,29,29,98.71,Month-to-Month,UPI,No
59850,Female,69,58,82.37,One Year,Net Banking,Yes
82779,Female,65,48,103.92,Month-to-Month,Net Banking,Yes
19018,Female,20,23,95.92,Month-to-Month,UPI,Yes
59500,Female,63,27,79.88,One Year,UPI,No
22100,Female,50,7,116.11,Month-to-Month,Debit Card,Yes
67021,Male,27,49,39.16,Month-to-Month,Net Banking,Yes
29800,Female,48,54,114.34,Month-to-Month,Net Banking,No
73400,Male,32,68,60.14,One Year,UPI,No
